Dataset,Column,N_Unique,N_Present,Miss_Pct,Most_Common_Pct,Is_Constant,Is_Near_Constant
MASTER,AL_1,293,294,89.97,0.68,False,False
MASTER,AL_2,293,294,89.97,0.68,False,False
MASTER,AL_3,293,294,89.97,0.68,False,False
MASTER,AL_4,292,294,89.97,1.02,False,False
MASTER,AL_5,292,294,89.97,1.02,False,False
MASTER,AL_6,292,294,89.97,1.02,False,False
MASTER,AL_7,1783,1787,39.03,0.17,False,False
MASTER,AL_8,1787,1787,39.03,0.06,False,False
MASTER,AL_9,1784,1787,39.03,0.22,False,False
MASTER,AL_10,1787,1787,39.03,0.06,False,False
MASTER,AL_11,1787,1787,39.03,0.06,False,False
MASTER,AL_12,1787,1787,39.03,0.06,False,False
MASTER,AL_13,1786,1787,39.03,0.11,False,False
MASTER,AL_14,1785,1787,39.03,0.17,False,False
MASTER,AL_15,1786,1787,39.03,0.11,False,False
MASTER,AL_16,1056,1056,63.97,0.09,False,False
MASTER,AL_17,1056,1056,63.97,0.09,False,False
MASTER,AL_18,1056,1056,63.97,0.09,False,False
MASTER,AL_19,1056,1056,63.97,0.09,False,False
MASTER,AL_20,1055,1055,64.01,0.09,False,False
MASTER,AL_21,1055,1055,64.01,0.09,False,False
MASTER,AL_22,1055,1055,64.01,0.09,False,False
MASTER,AL_23,1053,1056,63.97,0.38,False,False
MASTER,AL_24,1054,1055,64.01,0.19,False,False
MASTER,AL_25,1055,1055,64.01,0.09,False,False
MASTER,AL_26,1843,1846,37.02,0.11,False,False
MASTER,AL_27,6,252,91.4,57.14,False,False
MASTER,AL_28,251,252,91.4,0.79,False,False
MASTER,AL_29,5,252,91.4,58.33,False,False
MASTER,AL_30,252,252,91.4,0.4,False,False
MASTER,AL_31,14,252,91.4,49.21,False,False
MASTER,AL_32,251,252,91.4,0.79,False,False
MASTER,AL_33,13,252,91.4,48.02,False,False
MASTER,AL_34,252,252,91.4,0.4,False,False
MASTER,AL_35,10,252,91.4,51.98,False,False
MASTER,AL_36,252,252,91.4,0.4,False,False
MASTER,AL_37,12,252,91.4,54.76,False,False
MASTER,AL_38,250,252,91.4,1.19,False,False
MASTER,AL_39,4,1514,48.35,51.39,False,False
MASTER,AL_40,1514,1514,48.35,0.07,False,False
MASTER,AL_41,2,1514,48.35,98.81,False,False
MASTER,AL_42,2,1514,48.35,50.13,False,False
MASTER,AL_43,1514,1514,48.35,0.07,False,False
MASTER,AL_44,2,1514,48.35,98.94,False,False
MASTER,AL_45,83,1514,48.35,49.6,False,False
MASTER,AL_46,1514,1514,48.35,0.07,False,False
MASTER,AL_47,4,1514,48.35,98.15,False,False
MASTER,AL_48,15,1514,48.35,49.74,False,False
MASTER,AL_49,1514,1514,48.35,0.07,False,False
MASTER,AL_50,3,1514,48.35,82.3,False,False
MASTER,AL_51,10,1514,48.35,49.8,False,False
MASTER,AL_52,1514,1514,48.35,0.07,False,False
MASTER,AL_53,6,1514,48.35,81.04,False,False
MASTER,AL_54,2,1514,48.35,50.13,False,False
MASTER,AL_55,1514,1514,48.35,0.07,False,False
MASTER,AL_56,2,1514,48.35,90.62,False,False
MASTER,AL_57,29,1514,48.35,49.87,False,False
MASTER,AL_58,1514,1514,48.35,0.07,False,False
MASTER,AL_59,2,1514,48.35,94.85,False,False
MASTER,AL_60,8,1514,48.35,51.19,False,False
MASTER,AL_61,1514,1514,48.35,0.07,False,False
MASTER,AL_62,4,1514,48.35,97.36,False,False
MASTER,AL_63,6,1514,48.35,53.24,False,False
MASTER,AL_64,1514,1514,48.35,0.07,False,False
MASTER,AL_65,3,1514,48.35,91.28,False,False
MASTER,AL_66,50,1514,48.35,49.54,False,False
MASTER,AL_67,1514,1514,48.35,0.07,False,False
MASTER,AL_68,6,1514,48.35,81.51,False,False
MASTER,AL_69,18,1514,48.35,49.87,False,False
MASTER,AL_70,1514,1514,48.35,0.07,False,False
MASTER,AL_71,6,1514,48.35,89.7,False,False
MASTER,AL_72,2,1514,48.35,52.31,False,False
MASTER,AL_73,1514,1514,48.35,0.07,False,False
MASTER,AL_74,2,1514,48.35,94.25,False,False
MASTER,AL_75,3,1197,59.16,50.54,False,False
MASTER,AL_76,1197,1197,59.16,0.08,False,False
MASTER,AL_77,2,1197,59.16,76.02,False,False
MASTER,AL_78,2,1197,59.16,53.22,False,False
MASTER,AL_79,1195,1197,59.16,0.25,False,False
MASTER,AL_80,1,1197,59.16,100.0,True,True
MASTER,AL_81,4,1197,59.16,51.8,False,False
MASTER,AL_82,1195,1197,59.16,0.25,False,False
MASTER,AL_83,2,1197,59.16,74.77,False,False
MASTER,AL_84,8,1197,59.16,52.21,False,False
MASTER,AL_85,1196,1197,59.16,0.17,False,False
MASTER,AL_86,2,1197,59.16,56.98,False,False
MASTER,AL_87,3,1197,59.16,53.8,False,False
MASTER,AL_88,1193,1197,59.16,0.33,False,False
MASTER,AL_89,2,1197,59.16,87.89,False,False
MASTER,AL_90,4,1197,59.16,54.55,False,False
MASTER,AL_91,1196,1197,59.16,0.17,False,False
MASTER,AL_92,2,1197,59.16,71.85,False,False
MASTER,AL_93,2,1197,59.16,52.13,False,False
MASTER,AL_94,1195,1197,59.16,0.25,False,False
MASTER,AL_95,2,1197,59.16,95.57,False,False
MASTER,AL_96,23,1197,59.16,50.79,False,False
MASTER,AL_97,1197,1197,59.16,0.08,False,False
MASTER,AL_98,6,1197,59.16,56.47,False,False
MASTER,AL_99,2,1486,49.3,50.2,False,False
MASTER,AL_100,1486,1486,49.3,0.07,False,False
MASTER,AL_101,1,1486,49.3,100.0,True,True
MASTER,AL_102,2,1486,49.3,53.3,False,False
MASTER,AL_103,1484,1486,49.3,0.2,False,False
MASTER,AL_104,1,1486,49.3,100.0,True,True
MASTER,AL_105,47,1486,49.3,49.13,False,False
MASTER,AL_106,1486,1486,49.3,0.07,False,False
MASTER,AL_107,1,1486,49.3,100.0,True,True
MASTER,AL_108,7,1486,49.3,51.75,False,False
MASTER,AL_109,1486,1486,49.3,0.07,False,False
MASTER,AL_110,1,1486,49.3,100.0,True,True
MASTER,AL_111,2,1486,49.3,53.63,False,False
MASTER,AL_112,1486,1486,49.3,0.07,False,False
MASTER,AL_113,1,1486,49.3,100.0,True,True
MASTER,AL_114,5,1486,49.3,51.48,False,False
MASTER,AL_115,1486,1486,49.3,0.07,False,False
MASTER,AL_116,1,1486,49.3,100.0,True,True
MASTER,AL_117,4,1486,49.3,50.87,False,False
MASTER,AL_118,1486,1486,49.3,0.07,False,False
MASTER,AL_119,1,1486,49.3,100.0,True,True
MASTER,AL_120,2,1486,49.3,51.82,False,False
MASTER,AL_121,1484,1486,49.3,0.2,False,False
MASTER,AL_122,1,1486,49.3,100.0,True,True
MASTER,AL_123,26,1486,49.3,51.62,False,False
MASTER,AL_124,1486,1486,49.3,0.07,False,False
MASTER,AL_125,1,1486,49.3,100.0,True,True
MASTER,AL_126,9,1486,49.3,53.97,False,False
MASTER,AL_127,1486,1486,49.3,0.07,False,False
MASTER,AL_128,1,1486,49.3,100.0,True,True
MASTER,AL_129,69,1486,49.3,49.26,False,False
MASTER,AL_130,1486,1486,49.3,0.07,False,False
MASTER,AL_131,1,1486,49.3,100.0,True,True
MASTER,AL_132,3,1486,49.3,52.83,False,False
MASTER,AL_133,1486,1486,49.3,0.07,False,False
MASTER,AL_134,1,1486,49.3,100.0,True,True
MASTER,AL_135,2,1486,49.3,55.52,False,False
MASTER,AL_136,1486,1486,49.3,0.07,False,False
MASTER,AL_137,1,1486,49.3,100.0,True,True
MASTER,AL_138,2,1486,49.3,51.55,False,False
MASTER,AL_139,1486,1486,49.3,0.07,False,False
MASTER,AL_140,1,1486,49.3,100.0,True,True
MASTER,AL_141,7,1486,49.3,51.82,False,False
MASTER,AL_142,1486,1486,49.3,0.07,False,False
MASTER,AL_143,1,1486,49.3,100.0,True,True
MASTER,AL_144,2,1486,49.3,53.7,False,False
MASTER,AL_145,1486,1486,49.3,0.07,False,False
MASTER,AL_146,1,1486,49.3,100.0,True,True
MASTER,AL_147,7,1486,49.3,52.42,False,False
MASTER,AL_148,1486,1486,49.3,0.07,False,False
MASTER,AL_149,1,1486,49.3,100.0,True,True
MASTER,AL_150,14,1486,49.3,52.22,False,False
MASTER,AL_151,1486,1486,49.3,0.07,False,False
MASTER,AL_152,1,1486,49.3,100.0,True,True
MASTER,AL_153,2,1486,49.3,51.28,False,False
MASTER,AL_154,1486,1486,49.3,0.07,False,False
MASTER,AL_155,1,1486,49.3,100.0,True,True
MASTER,AL_156,6,1486,49.3,51.75,False,False
MASTER,AL_157,1486,1486,49.3,0.07,False,False
MASTER,AL_158,1,1486,49.3,100.0,True,True
MASTER,AL_159,5,1486,49.3,50.47,False,False
MASTER,AL_160,1486,1486,49.3,0.07,False,False
MASTER,AL_161,1,1486,49.3,100.0,True,True
MASTER,AL_162,5,1486,49.3,50.81,False,False
MASTER,AL_163,1486,1486,49.3,0.07,False,False
MASTER,AL_164,1,1486,49.3,100.0,True,True
MASTER,AL_165,4,1486,49.3,52.15,False,False
MASTER,AL_166,1486,1486,49.3,0.07,False,False
MASTER,AL_167,1,1486,49.3,100.0,True,True
MASTER,AL_168,12,1486,49.3,51.01,False,False
MASTER,AL_169,1486,1486,49.3,0.07,False,False
MASTER,AL_170,1,1486,49.3,100.0,True,True
MASTER,AL_171,4,1486,49.3,51.68,False,False
MASTER,AL_172,1486,1486,49.3,0.07,False,False
MASTER,AL_173,1,1486,49.3,100.0,True,True
MASTER,AL_174,13,1486,49.3,52.09,False,False
MASTER,AL_175,1486,1486,49.3,0.07,False,False
MASTER,AL_176,1,1486,49.3,100.0,True,True
MASTER,AL_177,2,1486,49.3,50.34,False,False
MASTER,AL_178,1486,1486,49.3,0.07,False,False
MASTER,AL_179,1,1486,49.3,100.0,True,True
MASTER,AL_180,4,1486,49.3,52.56,False,False
MASTER,AL_181,1486,1486,49.3,0.07,False,False
MASTER,AL_182,1,1486,49.3,100.0,True,True
MASTER,AL_183,2,985,66.39,54.82,False,False
MASTER,AL_184,984,985,66.39,0.2,False,False
MASTER,AL_185,1,985,66.39,100.0,True,True
MASTER,AL_186,2012,2012,31.35,0.05,False,False
MASTER,AL_187,4,1041,64.48,52.83,False,False
MASTER,AL_188,1041,1041,64.48,0.1,False,False
MASTER,AL_189,17,1041,64.48,50.91,False,False
MASTER,AL_190,1041,1041,64.48,0.1,False,False
MASTER,AL_191,1,1041,64.48,100.0,True,True
MASTER,AL_192,26,1041,64.48,51.01,False,False
MASTER,AL_193,6,1041,64.48,54.08,False,False
MASTER,AL_194,1041,1041,64.48,0.1,False,False
MASTER,AL_195,1,1041,64.48,100.0,True,True
MASTER,AL_196,16,1041,64.48,50.05,False,False
MASTER,AL_197,1,1041,64.48,100.0,True,True
MASTER,AL_198,40,1041,64.48,48.22,False,False
MASTER,AL_199,1041,1041,64.48,0.1,False,False
MASTER,AL_200,2,1041,64.48,99.9,False,True
MASTER,AL_201,98,1041,64.48,48.9,False,False
MASTER,AL_202,18,1041,64.48,49.86,False,False
MASTER,AL_203,1038,1041,64.48,0.38,False,False
MASTER,AL_204,2,1041,64.48,99.9,False,True
MASTER,AL_205,35,1041,64.48,48.51,False,False
MASTER,AL_206,7,1041,64.48,53.6,False,False
MASTER,AL_207,1041,1041,64.48,0.1,False,False
MASTER,AL_208,1,1041,64.48,100.0,True,True
MASTER,AL_209,23,1041,64.48,48.99,False,False
MASTER,AL_210,3,1041,64.48,52.64,False,False
MASTER,AL_211,1041,1041,64.48,0.1,False,False
MASTER,AL_212,1,1041,64.48,100.0,True,True
MASTER,AL_213,4,1041,64.48,51.01,False,False
MASTER,AL_214,4,752,74.34,54.65,False,False
MASTER,AL_215,752,752,74.34,0.13,False,False
MASTER,AL_216,2,752,74.34,99.87,False,True
MASTER,AL_217,7,752,74.34,50.4,False,False
MASTER,AL_218,4,1041,64.48,50.43,False,False
MASTER,AL_219,1039,1041,64.48,0.19,False,False
MASTER,AL_220,1,1041,64.48,100.0,True,True
MASTER,AL_221,11,1041,64.48,51.49,False,False
MASTER,AL_222,5,1041,64.48,51.97,False,False
MASTER,AL_223,3,1041,64.48,50.62,False,False
MASTER,AL_224,1041,1041,64.48,0.1,False,False
MASTER,AL_225,5,1041,64.48,50.91,False,False
MASTER,AL_226,1041,1041,64.48,0.1,False,False
MASTER,AL_227,2,1041,64.48,99.9,False,True
MASTER,AL_228,16,1041,64.48,50.91,False,False
MASTER,AL_229,5,1041,64.48,51.1,False,False
MASTER,AL_230,1041,1041,64.48,0.1,False,False
MASTER,AL_231,1,1041,64.48,100.0,True,True
MASTER,AL_232,8,1041,64.48,50.82,False,False
MASTER,AL_233,1,1041,64.48,100.0,True,True
MASTER,AL_234,8,1041,64.48,52.64,False,False
MASTER,AL_235,1041,1041,64.48,0.1,False,False
MASTER,AL_236,1,1041,64.48,100.0,True,True
MASTER,AL_237,25,1041,64.48,49.86,False,False
MASTER,AL_238,10,1041,64.48,50.24,False,False
MASTER,AL_239,1041,1041,64.48,0.1,False,False
MASTER,AL_240,2,1041,64.48,99.9,False,True
MASTER,AL_241,17,1041,64.48,51.01,False,False
MASTER,AL_242,6,1041,64.48,49.95,False,False
MASTER,AL_243,1041,1041,64.48,0.1,False,False
MASTER,AL_244,1,1041,64.48,100.0,True,True
MASTER,AL_245,14,1041,64.48,50.72,False,False
MASTER,AL_246,2,1041,64.48,50.05,False,False
MASTER,AL_247,1041,1041,64.48,0.1,False,False
MASTER,AL_248,1,1041,64.48,100.0,True,True
MASTER,AL_249,6,1041,64.48,51.3,False,False
MASTER,AL_250,6,991,66.19,55.3,False,False
MASTER,AL_251,991,991,66.19,0.1,False,False
MASTER,AL_252,2,991,66.19,99.9,False,True
MASTER,AL_253,2,991,66.19,50.35,False,False
MASTER,AL_254,8,1041,64.48,50.91,False,False
MASTER,AL_255,1041,1041,64.48,0.1,False,False
MASTER,AL_256,1,1041,64.48,100.0,True,True
MASTER,AL_257,12,1041,64.48,50.82,False,False
MASTER,AL_258,2,1041,64.48,51.01,False,False
MASTER,AL_259,2,1041,64.48,53.41,False,False
MASTER,AL_260,1041,1041,64.48,0.1,False,False
MASTER,AL_261,8,1041,64.48,50.05,False,False
MASTER,AL_262,1041,1041,64.48,0.1,False,False
MASTER,AL_263,1,1041,64.48,100.0,True,True
MASTER,AL_264,10,1041,64.48,50.72,False,False
MASTER,AL_265,7,1041,64.48,54.37,False,False
MASTER,AL_266,1041,1041,64.48,0.1,False,False
MASTER,AL_267,2,1041,64.48,99.9,False,True
MASTER,AL_268,12,1041,64.48,51.78,False,False
MASTER,AL_269,2,1041,64.48,99.9,False,True
MASTER,AL_270,11,1041,64.48,52.26,False,False
MASTER,AL_271,1041,1041,64.48,0.1,False,False
MASTER,AL_272,1,1041,64.48,100.0,True,True
MASTER,AL_273,43,1041,64.48,51.87,False,False
MASTER,AL_274,6,1041,64.48,55.33,False,False
MASTER,AL_275,1040,1040,64.52,0.1,False,False
MASTER,AL_276,1,1041,64.48,100.0,True,True
MASTER,AL_277,19,1041,64.48,49.76,False,False
MASTER,AL_278,5,1041,64.48,53.7,False,False
MASTER,AL_279,1041,1041,64.48,0.1,False,False
MASTER,AL_280,1,1041,64.48,100.0,True,True
MASTER,AL_281,13,1041,64.48,49.76,False,False
MASTER,AL_282,2,1041,64.48,54.37,False,False
MASTER,AL_283,1041,1041,64.48,0.1,False,False
MASTER,AL_284,1,1041,64.48,100.0,True,True
MASTER,AL_285,3,1041,64.48,51.2,False,False
MASTER,AL_286,4,979,66.6,55.57,False,False
MASTER,AL_287,978,979,66.6,0.2,False,False
MASTER,AL_288,2,979,66.6,99.8,False,True
MASTER,AL_289,6,979,66.6,50.15,False,False
MASTER,AL_290,5,1041,64.48,51.1,False,False
MASTER,AL_291,1041,1041,64.48,0.1,False,False
MASTER,AL_292,1,1041,64.48,100.0,True,True
MASTER,AL_293,9,1041,64.48,51.1,False,False
MASTER,AL_294,3,1041,64.48,50.72,False,False
MASTER,AL_295,2,1632,44.32,51.23,False,False
MASTER,AL_296,1632,1632,44.32,0.06,False,False
MASTER,AL_297,7,1632,44.32,53.62,False,False
MASTER,AL_298,1632,1632,44.32,0.06,False,False
MASTER,AL_299,1,1632,44.32,100.0,True,True
MASTER,AL_300,7,1632,44.32,50.18,False,False
MASTER,AL_301,128,1632,44.32,49.88,False,False
MASTER,AL_302,1632,1632,44.32,0.06,False,False
MASTER,AL_303,1,1632,44.32,100.0,True,True
MASTER,AL_304,425,1632,44.32,49.69,False,False
MASTER,AL_305,2,1632,44.32,50.37,False,False
MASTER,AL_306,1632,1632,44.32,0.06,False,False
MASTER,AL_307,1,1632,44.32,100.0,True,True
MASTER,AL_308,7,1632,44.32,51.65,False,False
MASTER,AL_309,1,1632,44.32,100.0,True,True
MASTER,AL_310,11,1632,44.32,50.49,False,False
MASTER,AL_311,1632,1632,44.32,0.06,False,False
MASTER,AL_312,1,1632,44.32,100.0,True,True
MASTER,AL_313,13,1632,44.32,49.82,False,False
MASTER,AL_314,5,1632,44.32,51.72,False,False
MASTER,AL_315,1632,1632,44.32,0.06,False,False
MASTER,AL_316,1,1632,44.32,100.0,True,True
MASTER,AL_317,13,1632,44.32,49.69,False,False
MASTER,AL_318,3,1632,44.32,50.06,False,False
MASTER,AL_319,1632,1632,44.32,0.06,False,False
MASTER,AL_320,1,1632,44.32,100.0,True,True
MASTER,AL_321,10,1632,44.32,51.84,False,False
MASTER,AL_322,2,1632,44.32,51.04,False,False
MASTER,AL_323,1632,1632,44.32,0.06,False,False
MASTER,AL_324,1,1632,44.32,100.0,True,True
MASTER,AL_325,2,1632,44.32,50.61,False,False
MASTER,AL_326,2,1632,44.32,52.14,False,False
MASTER,AL_327,1632,1632,44.32,0.06,False,False
MASTER,AL_328,2,1632,44.32,91.54,False,False
MASTER,AL_329,4,1632,44.32,50.61,False,False
MASTER,AL_330,6,1632,44.32,51.65,False,False
MASTER,AL_331,1632,1632,44.32,0.06,False,False
MASTER,AL_332,1,1632,44.32,100.0,True,True
MASTER,AL_333,9,1632,44.32,50.55,False,False
MASTER,AL_334,2,1632,44.32,50.18,False,False
MASTER,CAT_1,30,1846,37.02,24.59,False,False
MASTER,CAT_2,7,1197,59.16,36.68,False,False
MASTER,CAT_3,5,2572,12.25,29.08,False,False
MASTER,CAT_4,5,2572,12.25,29.04,False,False
MASTER,CAT_5,5,2572,12.25,29.08,False,False
MASTER,CAT_6,3,67,97.71,94.03,False,False
MASTER,EK_1,2541,2572,12.25,1.24,False,False
MASTER,EK_2,2483,2572,12.25,3.5,False,False
MASTER,EK_3,1601,1601,45.38,0.06,False,False
MASTER,EK_4,1424,2572,12.25,41.99,False,False
MASTER,EK_5,1940,2572,12.25,23.17,False,False
MASTER,EK_6,1374,2572,12.25,43.27,False,False
MASTER,EK_7,2470,2572,12.25,4.0,False,False
MASTER,EK_8,2383,2572,12.25,7.39,False,False
MASTER,EK_9,2163,2324,20.71,6.97,False,False
MASTER,AA_1,24,2583,11.87,16.34,False,False
MASTER,AA_2,25,2581,11.94,10.03,False,False
CFTR,AL_1,15,15,86.49,6.67,False,False
CFTR,AL_2,15,15,86.49,6.67,False,False
CFTR,AL_3,15,15,86.49,6.67,False,False
CFTR,AL_4,15,15,86.49,6.67,False,False
CFTR,AL_5,15,15,86.49,6.67,False,False
CFTR,AL_6,15,15,86.49,6.67,False,False
CFTR,AL_7,94,94,15.32,1.06,False,False
CFTR,AL_8,94,94,15.32,1.06,False,False
CFTR,AL_9,94,94,15.32,1.06,False,False
CFTR,AL_10,94,94,15.32,1.06,False,False
CFTR,AL_11,94,94,15.32,1.06,False,False
CFTR,AL_12,94,94,15.32,1.06,False,False
CFTR,AL_13,94,94,15.32,1.06,False,False
CFTR,AL_14,94,94,15.32,1.06,False,False
CFTR,AL_15,94,94,15.32,1.06,False,False
CFTR,AL_16,55,55,50.45,1.82,False,False
CFTR,AL_17,55,55,50.45,1.82,False,False
CFTR,AL_18,55,55,50.45,1.82,False,False
CFTR,AL_19,55,55,50.45,1.82,False,False
CFTR,AL_20,55,55,50.45,1.82,False,False
CFTR,AL_21,55,55,50.45,1.82,False,False
CFTR,AL_22,55,55,50.45,1.82,False,False
CFTR,AL_23,55,55,50.45,1.82,False,False
CFTR,AL_24,55,55,50.45,1.82,False,False
CFTR,AL_25,55,55,50.45,1.82,False,False
CFTR,AL_26,95,95,14.41,1.05,False,False
CFTR,AL_27,3,15,86.49,53.33,False,False
CFTR,AL_28,15,15,86.49,6.67,False,False
CFTR,AL_29,2,15,86.49,53.33,False,False
CFTR,AL_30,15,15,86.49,6.67,False,False
CFTR,AL_31,4,15,86.49,46.67,False,False
CFTR,AL_32,15,15,86.49,6.67,False,False
CFTR,AL_33,5,15,86.49,53.33,False,False
CFTR,AL_34,15,15,86.49,6.67,False,False
CFTR,AL_35,3,15,86.49,73.33,False,False
CFTR,AL_36,15,15,86.49,6.67,False,False
CFTR,AL_37,4,15,86.49,46.67,False,False
CFTR,AL_38,15,15,86.49,6.67,False,False
CFTR,AL_39,3,78,29.73,52.56,False,False
CFTR,AL_40,78,78,29.73,1.28,False,False
CFTR,AL_41,2,78,29.73,98.72,False,False
CFTR,AL_42,2,78,29.73,62.82,False,False
CFTR,AL_43,78,78,29.73,1.28,False,False
CFTR,AL_44,1,78,29.73,100.0,True,True
CFTR,AL_45,6,78,29.73,50.0,False,False
CFTR,AL_46,78,78,29.73,1.28,False,False
CFTR,AL_47,1,78,29.73,100.0,True,True
CFTR,AL_48,3,78,29.73,52.56,False,False
CFTR,AL_49,78,78,29.73,1.28,False,False
CFTR,AL_50,2,78,29.73,91.03,False,False
CFTR,AL_51,4,78,29.73,56.41,False,False
CFTR,AL_52,78,78,29.73,1.28,False,False
CFTR,AL_53,2,78,29.73,82.05,False,False
CFTR,AL_54,2,78,29.73,53.85,False,False
CFTR,AL_55,78,78,29.73,1.28,False,False
CFTR,AL_56,2,78,29.73,89.74,False,False
CFTR,AL_57,3,78,29.73,52.56,False,False
CFTR,AL_58,78,78,29.73,1.28,False,False
CFTR,AL_59,2,78,29.73,96.15,False,False
CFTR,AL_60,2,78,29.73,51.28,False,False
CFTR,AL_61,78,78,29.73,1.28,False,False
CFTR,AL_62,1,78,29.73,100.0,True,True
CFTR,AL_63,2,78,29.73,52.56,False,False
CFTR,AL_64,78,78,29.73,1.28,False,False
CFTR,AL_65,2,78,29.73,96.15,False,False
CFTR,AL_66,3,78,29.73,51.28,False,False
CFTR,AL_67,78,78,29.73,1.28,False,False
CFTR,AL_68,2,78,29.73,87.18,False,False
CFTR,AL_69,3,78,29.73,51.28,False,False
CFTR,AL_70,78,78,29.73,1.28,False,False
CFTR,AL_71,2,78,29.73,96.15,False,False
CFTR,AL_72,2,78,29.73,56.41,False,False
CFTR,AL_73,78,78,29.73,1.28,False,False
CFTR,AL_74,2,78,29.73,97.44,False,False
CFTR,AL_75,2,74,33.33,51.35,False,False
CFTR,AL_76,74,74,33.33,1.35,False,False
CFTR,AL_77,2,74,33.33,79.73,False,False
CFTR,AL_78,2,74,33.33,58.11,False,False
CFTR,AL_79,74,74,33.33,1.35,False,False
CFTR,AL_80,1,74,33.33,100.0,True,True
CFTR,AL_81,2,74,33.33,56.76,False,False
CFTR,AL_82,74,74,33.33,1.35,False,False
CFTR,AL_83,2,74,33.33,71.62,False,False
CFTR,AL_84,3,74,33.33,56.76,False,False
CFTR,AL_85,74,74,33.33,1.35,False,False
CFTR,AL_86,2,74,33.33,56.76,False,False
CFTR,AL_87,2,74,33.33,51.35,False,False
CFTR,AL_88,74,74,33.33,1.35,False,False
CFTR,AL_89,2,74,33.33,81.08,False,False
CFTR,AL_90,2,74,33.33,54.05,False,False
CFTR,AL_91,74,74,33.33,1.35,False,False
CFTR,AL_92,2,74,33.33,62.16,False,False
CFTR,AL_93,2,74,33.33,56.76,False,False
CFTR,AL_94,74,74,33.33,1.35,False,False
CFTR,AL_95,2,74,33.33,97.3,False,False
CFTR,AL_96,3,74,33.33,55.41,False,False
CFTR,AL_97,74,74,33.33,1.35,False,False
CFTR,AL_98,2,74,33.33,62.16,False,False
CFTR,AL_99,2,89,19.82,51.69,False,False
CFTR,AL_100,89,89,19.82,1.12,False,False
CFTR,AL_101,1,89,19.82,100.0,True,True
CFTR,AL_102,2,89,19.82,58.43,False,False
CFTR,AL_103,89,89,19.82,1.12,False,False
CFTR,AL_104,1,89,19.82,100.0,True,True
CFTR,AL_105,7,89,19.82,47.19,False,False
CFTR,AL_106,89,89,19.82,1.12,False,False
CFTR,AL_107,1,89,19.82,100.0,True,True
CFTR,AL_108,3,89,19.82,56.18,False,False
CFTR,AL_109,89,89,19.82,1.12,False,False
CFTR,AL_110,1,89,19.82,100.0,True,True
CFTR,AL_111,2,89,19.82,50.56,False,False
CFTR,AL_112,89,89,19.82,1.12,False,False
CFTR,AL_113,1,89,19.82,100.0,True,True
CFTR,AL_114,2,89,19.82,58.43,False,False
CFTR,AL_115,89,89,19.82,1.12,False,False
CFTR,AL_116,1,89,19.82,100.0,True,True
CFTR,AL_117,2,89,19.82,52.81,False,False
CFTR,AL_118,89,89,19.82,1.12,False,False
CFTR,AL_119,1,89,19.82,100.0,True,True
CFTR,AL_120,2,89,19.82,51.69,False,False
CFTR,AL_121,89,89,19.82,1.12,False,False
CFTR,AL_122,1,89,19.82,100.0,True,True
CFTR,AL_123,4,89,19.82,50.56,False,False
CFTR,AL_124,89,89,19.82,1.12,False,False
CFTR,AL_125,1,89,19.82,100.0,True,True
CFTR,AL_126,2,89,19.82,50.56,False,False
CFTR,AL_127,89,89,19.82,1.12,False,False
CFTR,AL_128,1,89,19.82,100.0,True,True
CFTR,AL_129,10,89,19.82,47.19,False,False
CFTR,AL_130,89,89,19.82,1.12,False,False
CFTR,AL_131,1,89,19.82,100.0,True,True
CFTR,AL_132,2,89,19.82,50.56,False,False
CFTR,AL_133,89,89,19.82,1.12,False,False
CFTR,AL_134,1,89,19.82,100.0,True,True
CFTR,AL_135,2,89,19.82,55.06,False,False
CFTR,AL_136,89,89,19.82,1.12,False,False
CFTR,AL_137,1,89,19.82,100.0,True,True
CFTR,AL_138,2,89,19.82,58.43,False,False
CFTR,AL_139,89,89,19.82,1.12,False,False
CFTR,AL_140,1,89,19.82,100.0,True,True
CFTR,AL_141,2,89,19.82,53.93,False,False
CFTR,AL_142,89,89,19.82,1.12,False,False
CFTR,AL_143,1,89,19.82,100.0,True,True
CFTR,AL_144,2,89,19.82,51.69,False,False
CFTR,AL_145,89,89,19.82,1.12,False,False
CFTR,AL_146,1,89,19.82,100.0,True,True
CFTR,AL_147,3,89,19.82,52.81,False,False
CFTR,AL_148,89,89,19.82,1.12,False,False
CFTR,AL_149,1,89,19.82,100.0,True,True
CFTR,AL_150,5,89,19.82,57.3,False,False
CFTR,AL_151,89,89,19.82,1.12,False,False
CFTR,AL_152,1,89,19.82,100.0,True,True
CFTR,AL_153,2,89,19.82,55.06,False,False
CFTR,AL_154,89,89,19.82,1.12,False,False
CFTR,AL_155,1,89,19.82,100.0,True,True
CFTR,AL_156,3,89,19.82,52.81,False,False
CFTR,AL_157,89,89,19.82,1.12,False,False
CFTR,AL_158,1,89,19.82,100.0,True,True
CFTR,AL_159,2,89,19.82,53.93,False,False
CFTR,AL_160,89,89,19.82,1.12,False,False
CFTR,AL_161,1,89,19.82,100.0,True,True
CFTR,AL_162,2,89,19.82,52.81,False,False
CFTR,AL_163,89,89,19.82,1.12,False,False
CFTR,AL_164,1,89,19.82,100.0,True,True
CFTR,AL_165,2,89,19.82,55.06,False,False
CFTR,AL_166,89,89,19.82,1.12,False,False
CFTR,AL_167,1,89,19.82,100.0,True,True
CFTR,AL_168,4,89,19.82,50.56,False,False
CFTR,AL_169,89,89,19.82,1.12,False,False
CFTR,AL_170,1,89,19.82,100.0,True,True
CFTR,AL_171,2,89,19.82,50.56,False,False
CFTR,AL_172,89,89,19.82,1.12,False,False
CFTR,AL_173,1,89,19.82,100.0,True,True
CFTR,AL_174,3,89,19.82,52.81,False,False
CFTR,AL_175,89,89,19.82,1.12,False,False
CFTR,AL_176,1,89,19.82,100.0,True,True
CFTR,AL_177,3,89,19.82,55.06,False,False
CFTR,AL_178,89,89,19.82,1.12,False,False
CFTR,AL_179,1,89,19.82,100.0,True,True
CFTR,AL_180,2,89,19.82,52.81,False,False
CFTR,AL_181,89,89,19.82,1.12,False,False
CFTR,AL_182,1,89,19.82,100.0,True,True
CFTR,AL_183,2,56,49.55,57.14,False,False
CFTR,AL_184,56,56,49.55,1.79,False,False
CFTR,AL_185,1,56,49.55,100.0,True,True
CFTR,AL_186,104,104,6.31,0.96,False,False
CFTR,AL_187,2,70,36.94,52.86,False,False
CFTR,AL_188,70,70,36.94,1.43,False,False
CFTR,AL_189,2,70,36.94,52.86,False,False
CFTR,AL_190,70,70,36.94,1.43,False,False
CFTR,AL_191,1,70,36.94,100.0,True,True
CFTR,AL_192,3,70,36.94,61.43,False,False
CFTR,AL_193,2,70,36.94,54.29,False,False
CFTR,AL_194,70,70,36.94,1.43,False,False
CFTR,AL_195,1,70,36.94,100.0,True,True
CFTR,AL_196,2,70,36.94,52.86,False,False
CFTR,AL_197,1,70,36.94,100.0,True,True
CFTR,AL_198,5,70,36.94,52.86,False,False
CFTR,AL_199,70,70,36.94,1.43,False,False
CFTR,AL_200,1,70,36.94,100.0,True,True
CFTR,AL_201,70,70,36.94,1.43,False,False
CFTR,AL_202,3,70,36.94,51.43,False,False
CFTR,AL_203,70,70,36.94,1.43,False,False
CFTR,AL_204,1,70,36.94,100.0,True,True
CFTR,AL_205,8,70,36.94,50.0,False,False
CFTR,AL_206,2,70,36.94,58.57,False,False
CFTR,AL_207,70,70,36.94,1.43,False,False
CFTR,AL_208,1,70,36.94,100.0,True,True
CFTR,AL_209,3,70,36.94,50.0,False,False
CFTR,AL_210,2,70,36.94,52.86,False,False
CFTR,AL_211,70,70,36.94,1.43,False,False
CFTR,AL_212,1,70,36.94,100.0,True,True
CFTR,AL_213,3,70,36.94,54.29,False,False
CFTR,AL_214,2,55,50.45,58.18,False,False
CFTR,AL_215,55,55,50.45,1.82,False,False
CFTR,AL_216,1,55,50.45,100.0,True,True
CFTR,AL_217,4,55,50.45,52.73,False,False
CFTR,AL_218,2,70,36.94,54.29,False,False
CFTR,AL_219,70,70,36.94,1.43,False,False
CFTR,AL_220,1,70,36.94,100.0,True,True
CFTR,AL_221,4,70,36.94,48.57,False,False
CFTR,AL_222,2,70,36.94,51.43,False,False
CFTR,AL_223,3,70,36.94,52.86,False,False
CFTR,AL_224,70,70,36.94,1.43,False,False
CFTR,AL_225,2,70,36.94,52.86,False,False
CFTR,AL_226,70,70,36.94,1.43,False,False
CFTR,AL_227,1,70,36.94,100.0,True,True
CFTR,AL_228,2,70,36.94,52.86,False,False
CFTR,AL_229,2,70,36.94,52.86,False,False
CFTR,AL_230,70,70,36.94,1.43,False,False
CFTR,AL_231,1,70,36.94,100.0,True,True
CFTR,AL_232,2,70,36.94,54.29,False,False
CFTR,AL_233,1,70,36.94,100.0,True,True
CFTR,AL_234,3,70,36.94,51.43,False,False
CFTR,AL_235,70,70,36.94,1.43,False,False
CFTR,AL_236,1,70,36.94,100.0,True,True
CFTR,AL_237,8,70,36.94,50.0,False,False
CFTR,AL_238,2,70,36.94,52.86,False,False
CFTR,AL_239,70,70,36.94,1.43,False,False
CFTR,AL_240,1,70,36.94,100.0,True,True
CFTR,AL_241,3,70,36.94,57.14,False,False
CFTR,AL_242,2,70,36.94,54.29,False,False
CFTR,AL_243,70,70,36.94,1.43,False,False
CFTR,AL_244,1,70,36.94,100.0,True,True
CFTR,AL_245,2,70,36.94,58.57,False,False
CFTR,AL_246,2,70,36.94,64.29,False,False
CFTR,AL_247,70,70,36.94,1.43,False,False
CFTR,AL_248,1,70,36.94,100.0,True,True
CFTR,AL_249,3,70,36.94,55.71,False,False
CFTR,AL_250,2,68,38.74,57.35,False,False
CFTR,AL_251,68,68,38.74,1.47,False,False
CFTR,AL_252,1,68,38.74,100.0,True,True
CFTR,AL_253,3,68,38.74,54.41,False,False
CFTR,AL_254,3,70,36.94,50.0,False,False
CFTR,AL_255,70,70,36.94,1.43,False,False
CFTR,AL_256,1,70,36.94,100.0,True,True
CFTR,AL_257,3,70,36.94,55.71,False,False
CFTR,AL_258,2,70,36.94,51.43,False,False
CFTR,AL_259,2,70,36.94,55.71,False,False
CFTR,AL_260,70,70,36.94,1.43,False,False
CFTR,AL_261,2,70,36.94,60.0,False,False
CFTR,AL_262,70,70,36.94,1.43,False,False
CFTR,AL_263,1,70,36.94,100.0,True,True
CFTR,AL_264,2,70,36.94,50.0,False,False
CFTR,AL_265,2,70,36.94,52.86,False,False
CFTR,AL_266,70,70,36.94,1.43,False,False
CFTR,AL_267,1,70,36.94,100.0,True,True
CFTR,AL_268,3,70,36.94,51.43,False,False
CFTR,AL_269,1,70,36.94,100.0,True,True
CFTR,AL_270,4,70,36.94,51.43,False,False
CFTR,AL_271,70,70,36.94,1.43,False,False
CFTR,AL_272,1,70,36.94,100.0,True,True
CFTR,AL_273,15,70,36.94,47.14,False,False
CFTR,AL_274,3,70,36.94,54.29,False,False
CFTR,AL_275,70,70,36.94,1.43,False,False
CFTR,AL_276,1,70,36.94,100.0,True,True
CFTR,AL_277,4,70,36.94,50.0,False,False
CFTR,AL_278,3,70,36.94,50.0,False,False
CFTR,AL_279,70,70,36.94,1.43,False,False
CFTR,AL_280,1,70,36.94,100.0,True,True
CFTR,AL_281,2,70,36.94,55.71,False,False
CFTR,AL_282,2,70,36.94,60.0,False,False
CFTR,AL_283,70,70,36.94,1.43,False,False
CFTR,AL_284,1,70,36.94,100.0,True,True
CFTR,AL_285,2,70,36.94,51.43,False,False
CFTR,AL_286,2,69,37.84,53.62,False,False
CFTR,AL_287,69,69,37.84,1.45,False,False
CFTR,AL_288,1,69,37.84,100.0,True,True
CFTR,AL_289,2,69,37.84,50.72,False,False
CFTR,AL_290,2,70,36.94,54.29,False,False
CFTR,AL_291,70,70,36.94,1.43,False,False
CFTR,AL_292,1,70,36.94,100.0,True,True
CFTR,AL_293,4,70,36.94,60.0,False,False
CFTR,AL_294,2,70,36.94,51.43,False,False
CFTR,AL_295,3,96,13.51,50.0,False,False
CFTR,AL_296,96,96,13.51,1.04,False,False
CFTR,AL_297,2,96,13.51,53.12,False,False
CFTR,AL_298,96,96,13.51,1.04,False,False
CFTR,AL_299,1,96,13.51,100.0,True,True
CFTR,AL_300,2,96,13.51,51.04,False,False
CFTR,AL_301,20,96,13.51,40.62,False,False
CFTR,AL_302,96,96,13.51,1.04,False,False
CFTR,AL_303,1,96,13.51,100.0,True,True
CFTR,AL_304,94,96,13.51,2.08,False,False
CFTR,AL_305,2,96,13.51,55.21,False,False
CFTR,AL_306,96,96,13.51,1.04,False,False
CFTR,AL_307,1,96,13.51,100.0,True,True
CFTR,AL_308,2,96,13.51,52.08,False,False
CFTR,AL_309,1,96,13.51,100.0,True,True
CFTR,AL_310,2,96,13.51,51.04,False,False
CFTR,AL_311,96,96,13.51,1.04,False,False
CFTR,AL_312,1,96,13.51,100.0,True,True
CFTR,AL_313,6,96,13.51,50.0,False,False
CFTR,AL_314,2,96,13.51,56.25,False,False
CFTR,AL_315,96,96,13.51,1.04,False,False
CFTR,AL_316,1,96,13.51,100.0,True,True
CFTR,AL_317,2,96,13.51,57.29,False,False
CFTR,AL_318,2,96,13.51,56.25,False,False
CFTR,AL_319,96,96,13.51,1.04,False,False
CFTR,AL_320,1,96,13.51,100.0,True,True
CFTR,AL_321,2,96,13.51,56.25,False,False
CFTR,AL_322,2,96,13.51,52.08,False,False
CFTR,AL_323,96,96,13.51,1.04,False,False
CFTR,AL_324,1,96,13.51,100.0,True,True
CFTR,AL_325,3,96,13.51,54.17,False,False
CFTR,AL_326,2,96,13.51,59.38,False,False
CFTR,AL_327,96,96,13.51,1.04,False,False
CFTR,AL_328,2,96,13.51,91.67,False,False
CFTR,AL_329,2,96,13.51,57.29,False,False
CFTR,AL_330,2,96,13.51,54.17,False,False
CFTR,AL_331,96,96,13.51,1.04,False,False
CFTR,AL_332,1,96,13.51,100.0,True,True
CFTR,AL_333,2,96,13.51,53.12,False,False
CFTR,AL_334,2,96,13.51,62.5,False,False
CFTR,CAT_1,23,95,14.41,29.47,False,False
CFTR,CAT_2,7,74,33.33,45.95,False,False
CFTR,CAT_3,5,111,0.0,32.43,False,False
CFTR,CAT_4,5,111,0.0,32.43,False,False
CFTR,CAT_5,5,111,0.0,32.43,False,False
CFTR,CAT_6,1,2,98.2,100.0,True,True
CFTR,EK_1,111,111,0.0,0.9,False,False
CFTR,EK_2,111,111,0.0,0.9,False,False
CFTR,EK_3,62,62,44.14,1.61,False,False
CFTR,EK_4,61,111,0.0,45.95,False,False
CFTR,EK_5,79,111,0.0,29.73,False,False
CFTR,EK_6,51,111,0.0,54.95,False,False
CFTR,EK_7,110,111,0.0,1.8,False,False
CFTR,EK_8,104,111,0.0,7.21,False,False
CFTR,EK_9,99,111,0.0,11.71,False,False
CFTR,AA_1,18,111,0.0,11.71,False,False
CFTR,AA_2,20,111,0.0,16.22,False,False
PAH,AL_1,14,14,96.24,7.14,False,False
PAH,AL_2,14,14,96.24,7.14,False,False
PAH,AL_3,14,14,96.24,7.14,False,False
PAH,AL_4,14,14,96.24,7.14,False,False
PAH,AL_5,14,14,96.24,7.14,False,False
PAH,AL_6,14,14,96.24,7.14,False,False
PAH,AL_7,220,220,40.86,0.45,False,False
PAH,AL_8,220,220,40.86,0.45,False,False
PAH,AL_9,220,220,40.86,0.45,False,False
PAH,AL_10,220,220,40.86,0.45,False,False
PAH,AL_11,220,220,40.86,0.45,False,False
PAH,AL_12,220,220,40.86,0.45,False,False
PAH,AL_13,220,220,40.86,0.45,False,False
PAH,AL_14,220,220,40.86,0.45,False,False
PAH,AL_15,220,220,40.86,0.45,False,False
PAH,AL_16,122,122,67.2,0.82,False,False
PAH,AL_17,122,122,67.2,0.82,False,False
PAH,AL_18,122,122,67.2,0.82,False,False
PAH,AL_19,122,122,67.2,0.82,False,False
PAH,AL_20,122,122,67.2,0.82,False,False
PAH,AL_21,122,122,67.2,0.82,False,False
PAH,AL_22,122,122,67.2,0.82,False,False
PAH,AL_23,122,122,67.2,0.82,False,False
PAH,AL_24,122,122,67.2,0.82,False,False
PAH,AL_25,122,122,67.2,0.82,False,False
PAH,AL_26,237,237,36.29,0.42,False,False
PAH,AL_27,6,14,96.24,64.29,False,False
PAH,AL_28,14,14,96.24,7.14,False,False
PAH,AL_29,8,14,96.24,42.86,False,False
PAH,AL_30,14,14,96.24,7.14,False,False
PAH,AL_31,14,14,96.24,7.14,False,False
PAH,AL_32,14,14,96.24,7.14,False,False
PAH,AL_33,14,14,96.24,7.14,False,False
PAH,AL_34,14,14,96.24,7.14,False,False
PAH,AL_35,14,14,96.24,7.14,False,False
PAH,AL_36,14,14,96.24,7.14,False,False
PAH,AL_37,14,14,96.24,7.14,False,False
PAH,AL_38,14,14,96.24,7.14,False,False
PAH,AL_39,19,156,58.06,53.21,False,False
PAH,AL_40,156,156,58.06,0.64,False,False
PAH,AL_41,2,156,58.06,97.44,False,False
PAH,AL_42,21,156,58.06,50.64,False,False
PAH,AL_43,156,156,58.06,0.64,False,False
PAH,AL_44,2,156,58.06,98.08,False,False
PAH,AL_45,154,156,58.06,1.92,False,False
PAH,AL_46,156,156,58.06,0.64,False,False
PAH,AL_47,2,156,58.06,98.72,False,False
PAH,AL_48,30,156,58.06,44.87,False,False
PAH,AL_49,156,156,58.06,0.64,False,False
PAH,AL_50,2,156,58.06,66.67,False,False
PAH,AL_51,31,156,58.06,45.51,False,False
PAH,AL_52,156,156,58.06,0.64,False,False
PAH,AL_53,2,156,58.06,75.64,False,False
PAH,AL_54,13,156,58.06,55.77,False,False
PAH,AL_55,156,156,58.06,0.64,False,False
PAH,AL_56,2,156,58.06,89.74,False,False
PAH,AL_57,151,156,58.06,2.56,False,False
PAH,AL_58,156,156,58.06,0.64,False,False
PAH,AL_59,2,156,58.06,88.46,False,False
PAH,AL_60,152,156,58.06,2.56,False,False
PAH,AL_61,156,156,58.06,0.64,False,False
PAH,AL_62,2,156,58.06,91.67,False,False
PAH,AL_63,81,156,58.06,35.26,False,False
PAH,AL_64,156,156,58.06,0.64,False,False
PAH,AL_65,2,156,58.06,92.31,False,False
PAH,AL_66,155,156,58.06,1.28,False,False
PAH,AL_67,156,156,58.06,0.64,False,False
PAH,AL_68,3,156,58.06,70.51,False,False
PAH,AL_69,153,156,58.06,2.56,False,False
PAH,AL_70,156,156,58.06,0.64,False,False
PAH,AL_71,3,156,58.06,91.03,False,False
PAH,AL_72,9,156,58.06,59.62,False,False
PAH,AL_73,156,156,58.06,0.64,False,False
PAH,AL_74,2,156,58.06,91.67,False,False
PAH,AL_75,6,144,61.29,63.19,False,False
PAH,AL_76,144,144,61.29,0.69,False,False
PAH,AL_77,2,144,61.29,70.14,False,False
PAH,AL_78,3,144,61.29,67.36,False,False
PAH,AL_79,144,144,61.29,0.69,False,False
PAH,AL_80,1,144,61.29,100.0,True,True
PAH,AL_81,32,144,61.29,41.67,False,False
PAH,AL_82,144,144,61.29,0.69,False,False
PAH,AL_83,2,144,61.29,58.33,False,False
PAH,AL_84,136,144,61.29,6.25,False,False
PAH,AL_85,144,144,61.29,0.69,False,False
PAH,AL_86,2,144,61.29,59.03,False,False
PAH,AL_87,13,144,61.29,65.28,False,False
PAH,AL_88,144,144,61.29,0.69,False,False
PAH,AL_89,2,144,61.29,81.94,False,False
PAH,AL_90,28,144,61.29,43.06,False,False
PAH,AL_91,144,144,61.29,0.69,False,False
PAH,AL_92,2,144,61.29,65.97,False,False
PAH,AL_93,6,144,61.29,63.19,False,False
PAH,AL_94,144,144,61.29,0.69,False,False
PAH,AL_95,2,144,61.29,96.53,False,False
PAH,AL_96,138,144,61.29,2.78,False,False
PAH,AL_97,144,144,61.29,0.69,False,False
PAH,AL_98,2,144,61.29,54.17,False,False
PAH,AL_99,14,202,45.7,49.5,False,False
PAH,AL_100,202,202,45.7,0.5,False,False
PAH,AL_101,1,202,45.7,100.0,True,True
PAH,AL_102,9,202,45.7,64.85,False,False
PAH,AL_103,202,202,45.7,0.5,False,False
PAH,AL_104,1,202,45.7,100.0,True,True
PAH,AL_105,200,202,45.7,1.49,False,False
PAH,AL_106,202,202,45.7,0.5,False,False
PAH,AL_107,1,202,45.7,100.0,True,True
PAH,AL_108,47,202,45.7,50.99,False,False
PAH,AL_109,202,202,45.7,0.5,False,False
PAH,AL_110,1,202,45.7,100.0,True,True
PAH,AL_111,7,202,45.7,64.85,False,False
PAH,AL_112,202,202,45.7,0.5,False,False
PAH,AL_113,1,202,45.7,100.0,True,True
PAH,AL_114,36,202,45.7,44.55,False,False
PAH,AL_115,202,202,45.7,0.5,False,False
PAH,AL_116,1,202,45.7,100.0,True,True
PAH,AL_117,180,202,45.7,11.39,False,False
PAH,AL_118,202,202,45.7,0.5,False,False
PAH,AL_119,1,202,45.7,100.0,True,True
PAH,AL_120,3,202,45.7,70.79,False,False
PAH,AL_121,202,202,45.7,0.5,False,False
PAH,AL_122,1,202,45.7,100.0,True,True
PAH,AL_123,199,202,45.7,1.49,False,False
PAH,AL_124,202,202,45.7,0.5,False,False
PAH,AL_125,1,202,45.7,100.0,True,True
PAH,AL_126,180,202,45.7,10.4,False,False
PAH,AL_127,202,202,45.7,0.5,False,False
PAH,AL_128,1,202,45.7,100.0,True,True
PAH,AL_129,201,202,45.7,0.99,False,False
PAH,AL_130,202,202,45.7,0.5,False,False
PAH,AL_131,1,202,45.7,100.0,True,True
PAH,AL_132,8,202,45.7,62.87,False,False
PAH,AL_133,202,202,45.7,0.5,False,False
PAH,AL_134,1,202,45.7,100.0,True,True
PAH,AL_135,22,202,45.7,47.52,False,False
PAH,AL_136,202,202,45.7,0.5,False,False
PAH,AL_137,1,202,45.7,100.0,True,True
PAH,AL_138,67,202,45.7,42.08,False,False
PAH,AL_139,202,202,45.7,0.5,False,False
PAH,AL_140,1,202,45.7,100.0,True,True
PAH,AL_141,195,202,45.7,3.96,False,False
PAH,AL_142,202,202,45.7,0.5,False,False
PAH,AL_143,1,202,45.7,100.0,True,True
PAH,AL_144,18,202,45.7,55.45,False,False
PAH,AL_145,202,202,45.7,0.5,False,False
PAH,AL_146,1,202,45.7,100.0,True,True
PAH,AL_147,178,202,45.7,11.88,False,False
PAH,AL_148,202,202,45.7,0.5,False,False
PAH,AL_149,1,202,45.7,100.0,True,True
PAH,AL_150,195,202,45.7,3.47,False,False
PAH,AL_151,202,202,45.7,0.5,False,False
PAH,AL_152,1,202,45.7,100.0,True,True
PAH,AL_153,65,202,45.7,41.09,False,False
PAH,AL_154,202,202,45.7,0.5,False,False
PAH,AL_155,1,202,45.7,100.0,True,True
PAH,AL_156,26,202,45.7,45.54,False,False
PAH,AL_157,202,202,45.7,0.5,False,False
PAH,AL_158,1,202,45.7,100.0,True,True
PAH,AL_159,66,202,45.7,38.61,False,False
PAH,AL_160,202,202,45.7,0.5,False,False
PAH,AL_161,1,202,45.7,100.0,True,True
PAH,AL_162,188,202,45.7,6.44,False,False
PAH,AL_163,202,202,45.7,0.5,False,False
PAH,AL_164,1,202,45.7,100.0,True,True
PAH,AL_165,64,202,45.7,37.62,False,False
PAH,AL_166,202,202,45.7,0.5,False,False
PAH,AL_167,1,202,45.7,100.0,True,True
PAH,AL_168,194,202,45.7,3.96,False,False
PAH,AL_169,202,202,45.7,0.5,False,False
PAH,AL_170,1,202,45.7,100.0,True,True
PAH,AL_171,84,202,45.7,38.61,False,False
PAH,AL_172,202,202,45.7,0.5,False,False
PAH,AL_173,1,202,45.7,100.0,True,True
PAH,AL_174,194,202,45.7,2.97,False,False
PAH,AL_175,202,202,45.7,0.5,False,False
PAH,AL_176,1,202,45.7,100.0,True,True
PAH,AL_177,49,202,45.7,41.58,False,False
PAH,AL_178,202,202,45.7,0.5,False,False
PAH,AL_179,1,202,45.7,100.0,True,True
PAH,AL_180,11,202,45.7,56.44,False,False
PAH,AL_181,202,202,45.7,0.5,False,False
PAH,AL_182,1,202,45.7,100.0,True,True
PAH,AL_183,7,119,68.01,64.71,False,False
PAH,AL_184,119,119,68.01,0.84,False,False
PAH,AL_185,1,119,68.01,100.0,True,True
PAH,AL_186,273,273,26.61,0.37,False,False
PAH,AL_187,23,130,65.05,60.77,False,False
PAH,AL_188,130,130,65.05,0.77,False,False
PAH,AL_189,59,130,65.05,36.15,False,False
PAH,AL_190,130,130,65.05,0.77,False,False
PAH,AL_191,1,130,65.05,100.0,True,True
PAH,AL_192,1,130,65.05,100.0,True,True
PAH,AL_193,122,130,65.05,6.92,False,False
PAH,AL_194,130,130,65.05,0.77,False,False
PAH,AL_195,1,130,65.05,100.0,True,True
PAH,AL_196,1,130,65.05,100.0,True,True
PAH,AL_197,1,130,65.05,100.0,True,True
PAH,AL_198,123,130,65.05,3.85,False,False
PAH,AL_199,130,130,65.05,0.77,False,False
PAH,AL_200,1,130,65.05,100.0,True,True
PAH,AL_201,1,130,65.05,100.0,True,True
PAH,AL_202,120,130,65.05,6.15,False,False
PAH,AL_203,130,130,65.05,0.77,False,False
PAH,AL_204,1,130,65.05,100.0,True,True
PAH,AL_205,1,130,65.05,100.0,True,True
PAH,AL_206,127,130,65.05,3.08,False,False
PAH,AL_207,130,130,65.05,0.77,False,False
PAH,AL_208,1,130,65.05,100.0,True,True
PAH,AL_209,1,130,65.05,100.0,True,True
PAH,AL_210,49,130,65.05,32.31,False,False
PAH,AL_211,130,130,65.05,0.77,False,False
PAH,AL_212,1,130,65.05,100.0,True,True
PAH,AL_213,1,130,65.05,100.0,True,True
PAH,AL_214,16,85,77.15,67.06,False,False
PAH,AL_215,85,85,77.15,1.18,False,False
PAH,AL_216,1,85,77.15,100.0,True,True
PAH,AL_217,1,85,77.15,100.0,True,True
PAH,AL_218,123,130,65.05,6.15,False,False
PAH,AL_219,130,130,65.05,0.77,False,False
PAH,AL_220,1,130,65.05,100.0,True,True
PAH,AL_221,1,130,65.05,100.0,True,True
PAH,AL_222,1,130,65.05,100.0,True,True
PAH,AL_223,11,130,65.05,70.77,False,False
PAH,AL_224,130,130,65.05,0.77,False,False
PAH,AL_225,23,130,65.05,44.62,False,False
PAH,AL_226,130,130,65.05,0.77,False,False
PAH,AL_227,1,130,65.05,100.0,True,True
PAH,AL_228,1,130,65.05,100.0,True,True
PAH,AL_229,46,130,65.05,43.85,False,False
PAH,AL_230,130,130,65.05,0.77,False,False
PAH,AL_231,1,130,65.05,100.0,True,True
PAH,AL_232,1,130,65.05,100.0,True,True
PAH,AL_233,1,130,65.05,100.0,True,True
PAH,AL_234,63,130,65.05,43.08,False,False
PAH,AL_235,130,130,65.05,0.77,False,False
PAH,AL_236,1,130,65.05,100.0,True,True
PAH,AL_237,1,130,65.05,100.0,True,True
PAH,AL_238,34,130,65.05,39.23,False,False
PAH,AL_239,130,130,65.05,0.77,False,False
PAH,AL_240,1,130,65.05,100.0,True,True
PAH,AL_241,130,130,65.05,0.77,False,False
PAH,AL_242,126,130,65.05,3.85,False,False
PAH,AL_243,130,130,65.05,0.77,False,False
PAH,AL_244,1,130,65.05,100.0,True,True
PAH,AL_245,1,130,65.05,100.0,True,True
PAH,AL_246,25,130,65.05,56.92,False,False
PAH,AL_247,130,130,65.05,0.77,False,False
PAH,AL_248,1,130,65.05,100.0,True,True
PAH,AL_249,1,130,65.05,100.0,True,True
PAH,AL_250,12,123,66.94,63.41,False,False
PAH,AL_251,123,123,66.94,0.81,False,False
PAH,AL_252,1,123,66.94,100.0,True,True
PAH,AL_253,123,123,66.94,0.81,False,False
PAH,AL_254,61,130,65.05,33.08,False,False
PAH,AL_255,130,130,65.05,0.77,False,False
PAH,AL_256,1,130,65.05,100.0,True,True
PAH,AL_257,1,130,65.05,100.0,True,True
PAH,AL_258,129,130,65.05,1.54,False,False
PAH,AL_259,16,130,65.05,66.92,False,False
PAH,AL_260,130,130,65.05,0.77,False,False
PAH,AL_261,26,130,65.05,50.77,False,False
PAH,AL_262,130,130,65.05,0.77,False,False
PAH,AL_263,1,130,65.05,100.0,True,True
PAH,AL_264,1,130,65.05,100.0,True,True
PAH,AL_265,57,130,65.05,40.0,False,False
PAH,AL_266,130,130,65.05,0.77,False,False
PAH,AL_267,1,130,65.05,100.0,True,True
PAH,AL_268,1,130,65.05,100.0,True,True
PAH,AL_269,1,130,65.05,100.0,True,True
PAH,AL_270,125,130,65.05,3.85,False,False
PAH,AL_271,130,130,65.05,0.77,False,False
PAH,AL_272,1,130,65.05,100.0,True,True
PAH,AL_273,1,130,65.05,100.0,True,True
PAH,AL_274,37,130,65.05,43.85,False,False
PAH,AL_275,130,130,65.05,0.77,False,False
PAH,AL_276,1,130,65.05,100.0,True,True
PAH,AL_277,128,130,65.05,2.31,False,False
PAH,AL_278,124,130,65.05,3.85,False,False
PAH,AL_279,130,130,65.05,0.77,False,False
PAH,AL_280,1,130,65.05,100.0,True,True
PAH,AL_281,1,130,65.05,100.0,True,True
PAH,AL_282,28,130,65.05,56.92,False,False
PAH,AL_283,130,130,65.05,0.77,False,False
PAH,AL_284,1,130,65.05,100.0,True,True
PAH,AL_285,1,130,65.05,100.0,True,True
PAH,AL_286,3,122,67.2,79.51,False,False
PAH,AL_287,122,122,67.2,0.82,False,False
PAH,AL_288,1,122,67.2,100.0,True,True
PAH,AL_289,121,122,67.2,1.64,False,False
PAH,AL_290,58,130,65.05,36.15,False,False
PAH,AL_291,129,130,65.05,1.54,False,False
PAH,AL_292,1,130,65.05,100.0,True,True
PAH,AL_293,1,130,65.05,100.0,True,True
PAH,AL_294,129,130,65.05,1.54,False,False
PAH,AL_295,2,246,33.87,68.29,False,False
PAH,AL_296,246,246,33.87,0.41,False,False
PAH,AL_297,24,246,33.87,47.15,False,False
PAH,AL_298,246,246,33.87,0.41,False,False
PAH,AL_299,1,246,33.87,100.0,True,True
PAH,AL_300,244,246,33.87,0.81,False,False
PAH,AL_301,244,246,33.87,1.22,False,False
PAH,AL_302,246,246,33.87,0.41,False,False
PAH,AL_303,1,246,33.87,100.0,True,True
PAH,AL_304,1,246,33.87,100.0,True,True
PAH,AL_305,103,246,33.87,43.5,False,False
PAH,AL_306,246,246,33.87,0.41,False,False
PAH,AL_307,1,246,33.87,100.0,True,True
PAH,AL_308,1,246,33.87,100.0,True,True
PAH,AL_309,1,246,33.87,100.0,True,True
PAH,AL_310,61,246,33.87,43.9,False,False
PAH,AL_311,246,246,33.87,0.41,False,False
PAH,AL_312,1,246,33.87,100.0,True,True
PAH,AL_313,244,246,33.87,1.22,False,False
PAH,AL_314,10,246,33.87,49.59,False,False
PAH,AL_315,246,246,33.87,0.41,False,False
PAH,AL_316,1,246,33.87,100.0,True,True
PAH,AL_317,245,246,33.87,0.81,False,False
PAH,AL_318,238,246,33.87,3.25,False,False
PAH,AL_319,246,246,33.87,0.41,False,False
PAH,AL_320,1,246,33.87,100.0,True,True
PAH,AL_321,1,246,33.87,100.0,True,True
PAH,AL_322,5,246,33.87,66.26,False,False
PAH,AL_323,246,246,33.87,0.41,False,False
PAH,AL_324,1,246,33.87,100.0,True,True
PAH,AL_325,2,246,33.87,99.19,False,True
PAH,AL_326,7,246,33.87,60.57,False,False
PAH,AL_327,246,246,33.87,0.41,False,False
PAH,AL_328,2,246,33.87,90.65,False,False
PAH,AL_329,244,246,33.87,1.22,False,False
PAH,AL_330,66,246,33.87,39.84,False,False
PAH,AL_331,246,246,33.87,0.41,False,False
PAH,AL_332,1,246,33.87,100.0,True,True
PAH,AL_333,244,246,33.87,0.81,False,False
PAH,AL_334,243,246,33.87,1.22,False,False
PAH,CAT_1,24,237,36.29,27.85,False,False
PAH,CAT_2,7,144,61.29,43.06,False,False
PAH,CAT_3,4,361,2.96,31.3,False,False
PAH,CAT_4,4,361,2.96,31.3,False,False
PAH,CAT_5,4,361,2.96,31.3,False,False
PAH,CAT_6,0,0,100.0,100.0,True,True
PAH,EK_1,339,361,2.96,6.37,False,False
PAH,EK_2,337,361,2.96,6.93,False,False
PAH,EK_3,194,194,47.85,0.52,False,False
PAH,EK_4,189,361,2.96,46.26,False,False
PAH,EK_5,277,361,2.96,22.71,False,False
PAH,EK_6,196,361,2.96,43.21,False,False
PAH,EK_7,349,361,2.96,3.6,False,False
PAH,EK_8,333,361,2.96,8.03,False,False
PAH,EK_9,335,361,2.96,7.48,False,False
PAH,AA_1,20,363,2.42,9.64,False,False
PAH,AA_2,20,363,2.42,11.02,False,False
KANSER,AL_1,45,45,88.4,2.22,False,False
KANSER,AL_2,45,45,88.4,2.22,False,False
KANSER,AL_3,45,45,88.4,2.22,False,False
KANSER,AL_4,45,45,88.4,2.22,False,False
KANSER,AL_5,45,45,88.4,2.22,False,False
KANSER,AL_6,45,45,88.4,2.22,False,False
KANSER,AL_7,215,215,44.59,0.47,False,False
KANSER,AL_8,214,215,44.59,0.93,False,False
KANSER,AL_9,215,215,44.59,0.47,False,False
KANSER,AL_10,215,215,44.59,0.47,False,False
KANSER,AL_11,215,215,44.59,0.47,False,False
KANSER,AL_12,215,215,44.59,0.47,False,False
KANSER,AL_13,215,215,44.59,0.47,False,False
KANSER,AL_14,215,215,44.59,0.47,False,False
KANSER,AL_15,215,215,44.59,0.47,False,False
KANSER,AL_16,122,122,68.56,0.82,False,False
KANSER,AL_17,122,122,68.56,0.82,False,False
KANSER,AL_18,122,122,68.56,0.82,False,False
KANSER,AL_19,122,122,68.56,0.82,False,False
KANSER,AL_20,122,122,68.56,0.82,False,False
KANSER,AL_21,122,122,68.56,0.82,False,False
KANSER,AL_22,122,122,68.56,0.82,False,False
KANSER,AL_23,122,122,68.56,0.82,False,False
KANSER,AL_24,122,122,68.56,0.82,False,False
KANSER,AL_25,122,122,68.56,0.82,False,False
KANSER,AL_26,222,222,42.78,0.45,False,False
KANSER,AL_27,3,39,89.95,58.97,False,False
KANSER,AL_28,39,39,89.95,2.56,False,False
KANSER,AL_29,3,39,89.95,48.72,False,False
KANSER,AL_30,39,39,89.95,2.56,False,False
KANSER,AL_31,6,39,89.95,58.97,False,False
KANSER,AL_32,39,39,89.95,2.56,False,False
KANSER,AL_33,2,39,89.95,64.1,False,False
KANSER,AL_34,39,39,89.95,2.56,False,False
KANSER,AL_35,3,39,89.95,58.97,False,False
KANSER,AL_36,39,39,89.95,2.56,False,False
KANSER,AL_37,4,39,89.95,48.72,False,False
KANSER,AL_38,39,39,89.95,2.56,False,False
KANSER,AL_39,6,242,37.63,54.13,False,False
KANSER,AL_40,242,242,37.63,0.41,False,False
KANSER,AL_41,2,242,37.63,99.59,False,True
KANSER,AL_42,2,242,37.63,53.31,False,False
KANSER,AL_43,242,242,37.63,0.41,False,False
KANSER,AL_44,1,242,37.63,100.0,True,True
KANSER,AL_45,53,242,37.63,43.39,False,False
KANSER,AL_46,242,242,37.63,0.41,False,False
KANSER,AL_47,1,242,37.63,100.0,True,True
KANSER,AL_48,7,242,37.63,56.61,False,False
KANSER,AL_49,242,242,37.63,0.41,False,False
KANSER,AL_50,3,242,37.63,87.19,False,False
KANSER,AL_51,8,242,37.63,50.41,False,False
KANSER,AL_52,242,242,37.63,0.41,False,False
KANSER,AL_53,2,242,37.63,87.19,False,False
KANSER,AL_54,2,242,37.63,51.65,False,False
KANSER,AL_55,242,242,37.63,0.41,False,False
KANSER,AL_56,2,242,37.63,96.69,False,False
KANSER,AL_57,7,242,37.63,50.41,False,False
KANSER,AL_58,242,242,37.63,0.41,False,False
KANSER,AL_59,2,242,37.63,99.17,False,True
KANSER,AL_60,5,242,37.63,50.0,False,False
KANSER,AL_61,242,242,37.63,0.41,False,False
KANSER,AL_62,2,242,37.63,99.17,False,True
KANSER,AL_63,5,242,37.63,54.13,False,False
KANSER,AL_64,242,242,37.63,0.41,False,False
KANSER,AL_65,2,242,37.63,94.21,False,False
KANSER,AL_66,25,242,37.63,46.28,False,False
KANSER,AL_67,242,242,37.63,0.41,False,False
KANSER,AL_68,2,242,37.63,92.56,False,False
KANSER,AL_69,6,242,37.63,50.83,False,False
KANSER,AL_70,242,242,37.63,0.41,False,False
KANSER,AL_71,2,242,37.63,93.8,False,False
KANSER,AL_72,2,242,37.63,53.72,False,False
KANSER,AL_73,242,242,37.63,0.41,False,False
KANSER,AL_74,2,242,37.63,97.93,False,False
KANSER,AL_75,2,139,64.18,63.31,False,False
KANSER,AL_76,139,139,64.18,0.72,False,False
KANSER,AL_77,2,139,64.18,71.22,False,False
KANSER,AL_78,2,139,64.18,51.08,False,False
KANSER,AL_79,139,139,64.18,0.72,False,False
KANSER,AL_80,1,139,64.18,100.0,True,True
KANSER,AL_81,2,139,64.18,61.15,False,False
KANSER,AL_82,139,139,64.18,0.72,False,False
KANSER,AL_83,2,139,64.18,74.1,False,False
KANSER,AL_84,3,139,64.18,64.03,False,False
KANSER,AL_85,139,139,64.18,0.72,False,False
KANSER,AL_86,2,139,64.18,61.87,False,False
KANSER,AL_87,2,139,64.18,53.24,False,False
KANSER,AL_88,139,139,64.18,0.72,False,False
KANSER,AL_89,2,139,64.18,87.77,False,False
KANSER,AL_90,3,139,64.18,53.96,False,False
KANSER,AL_91,139,139,64.18,0.72,False,False
KANSER,AL_92,2,139,64.18,74.82,False,False
KANSER,AL_93,2,139,64.18,61.15,False,False
KANSER,AL_94,139,139,64.18,0.72,False,False
KANSER,AL_95,2,139,64.18,94.24,False,False
KANSER,AL_96,3,139,64.18,52.52,False,False
KANSER,AL_97,139,139,64.18,0.72,False,False
KANSER,AL_98,2,139,64.18,57.55,False,False
KANSER,AL_99,2,183,52.84,55.74,False,False
KANSER,AL_100,183,183,52.84,0.55,False,False
KANSER,AL_101,1,183,52.84,100.0,True,True
KANSER,AL_102,2,183,52.84,52.46,False,False
KANSER,AL_103,183,183,52.84,0.55,False,False
KANSER,AL_104,1,183,52.84,100.0,True,True
KANSER,AL_105,3,183,52.84,53.55,False,False
KANSER,AL_106,183,183,52.84,0.55,False,False
KANSER,AL_107,1,183,52.84,100.0,True,True
KANSER,AL_108,2,183,52.84,52.46,False,False
KANSER,AL_109,183,183,52.84,0.55,False,False
KANSER,AL_110,1,183,52.84,100.0,True,True
KANSER,AL_111,2,183,52.84,57.92,False,False
KANSER,AL_112,183,183,52.84,0.55,False,False
KANSER,AL_113,1,183,52.84,100.0,True,True
KANSER,AL_114,2,183,52.84,57.38,False,False
KANSER,AL_115,183,183,52.84,0.55,False,False
KANSER,AL_116,1,183,52.84,100.0,True,True
KANSER,AL_117,2,183,52.84,50.82,False,False
KANSER,AL_118,183,183,52.84,0.55,False,False
KANSER,AL_119,1,183,52.84,100.0,True,True
KANSER,AL_120,2,183,52.84,51.37,False,False
KANSER,AL_121,183,183,52.84,0.55,False,False
KANSER,AL_122,1,183,52.84,100.0,True,True
KANSER,AL_123,4,183,52.84,59.56,False,False
KANSER,AL_124,183,183,52.84,0.55,False,False
KANSER,AL_125,1,183,52.84,100.0,True,True
KANSER,AL_126,2,183,52.84,54.64,False,False
KANSER,AL_127,183,183,52.84,0.55,False,False
KANSER,AL_128,1,183,52.84,100.0,True,True
KANSER,AL_129,12,183,52.84,53.01,False,False
KANSER,AL_130,183,183,52.84,0.55,False,False
KANSER,AL_131,1,183,52.84,100.0,True,True
KANSER,AL_132,2,183,52.84,54.64,False,False
KANSER,AL_133,183,183,52.84,0.55,False,False
KANSER,AL_134,1,183,52.84,100.0,True,True
KANSER,AL_135,2,183,52.84,50.82,False,False
KANSER,AL_136,183,183,52.84,0.55,False,False
KANSER,AL_137,1,183,52.84,100.0,True,True
KANSER,AL_138,2,183,52.84,51.37,False,False
KANSER,AL_139,183,183,52.84,0.55,False,False
KANSER,AL_140,1,183,52.84,100.0,True,True
KANSER,AL_141,4,183,52.84,51.91,False,False
KANSER,AL_142,183,183,52.84,0.55,False,False
KANSER,AL_143,1,183,52.84,100.0,True,True
KANSER,AL_144,2,183,52.84,55.74,False,False
KANSER,AL_145,183,183,52.84,0.55,False,False
KANSER,AL_146,1,183,52.84,100.0,True,True
KANSER,AL_147,3,183,52.84,52.46,False,False
KANSER,AL_148,183,183,52.84,0.55,False,False
KANSER,AL_149,1,183,52.84,100.0,True,True
KANSER,AL_150,5,183,52.84,57.92,False,False
KANSER,AL_151,183,183,52.84,0.55,False,False
KANSER,AL_152,1,183,52.84,100.0,True,True
KANSER,AL_153,2,183,52.84,51.91,False,False
KANSER,AL_154,183,183,52.84,0.55,False,False
KANSER,AL_155,1,183,52.84,100.0,True,True
KANSER,AL_156,2,183,52.84,50.27,False,False
KANSER,AL_157,183,183,52.84,0.55,False,False
KANSER,AL_158,1,183,52.84,100.0,True,True
KANSER,AL_159,4,183,52.84,56.28,False,False
KANSER,AL_160,183,183,52.84,0.55,False,False
KANSER,AL_161,1,183,52.84,100.0,True,True
KANSER,AL_162,2,183,52.84,52.46,False,False
KANSER,AL_163,183,183,52.84,0.55,False,False
KANSER,AL_164,1,183,52.84,100.0,True,True
KANSER,AL_165,2,183,52.84,55.19,False,False
KANSER,AL_166,183,183,52.84,0.55,False,False
KANSER,AL_167,1,183,52.84,100.0,True,True
KANSER,AL_168,3,183,52.84,50.27,False,False
KANSER,AL_169,183,183,52.84,0.55,False,False
KANSER,AL_170,1,183,52.84,100.0,True,True
KANSER,AL_171,2,183,52.84,50.27,False,False
KANSER,AL_172,183,183,52.84,0.55,False,False
KANSER,AL_173,1,183,52.84,100.0,True,True
KANSER,AL_174,5,183,52.84,49.73,False,False
KANSER,AL_175,183,183,52.84,0.55,False,False
KANSER,AL_176,1,183,52.84,100.0,True,True
KANSER,AL_177,2,183,52.84,55.19,False,False
KANSER,AL_178,183,183,52.84,0.55,False,False
KANSER,AL_179,1,183,52.84,100.0,True,True
KANSER,AL_180,2,183,52.84,53.01,False,False
KANSER,AL_181,183,183,52.84,0.55,False,False
KANSER,AL_182,1,183,52.84,100.0,True,True
KANSER,AL_183,2,104,73.2,55.77,False,False
KANSER,AL_184,104,104,73.2,0.96,False,False
KANSER,AL_185,1,104,73.2,100.0,True,True
KANSER,AL_186,287,287,26.03,0.35,False,False
KANSER,AL_187,2,117,69.85,52.99,False,False
KANSER,AL_188,117,117,69.85,0.85,False,False
KANSER,AL_189,2,117,69.85,58.12,False,False
KANSER,AL_190,117,117,69.85,0.85,False,False
KANSER,AL_191,1,117,69.85,100.0,True,True
KANSER,AL_192,7,117,69.85,52.14,False,False
KANSER,AL_193,2,117,69.85,50.43,False,False
KANSER,AL_194,117,117,69.85,0.85,False,False
KANSER,AL_195,1,117,69.85,100.0,True,True
KANSER,AL_196,5,117,69.85,53.85,False,False
KANSER,AL_197,1,117,69.85,100.0,True,True
KANSER,AL_198,5,117,69.85,50.43,False,False
KANSER,AL_199,117,117,69.85,0.85,False,False
KANSER,AL_200,1,117,69.85,100.0,True,True
KANSER,AL_201,10,117,69.85,51.28,False,False
KANSER,AL_202,2,117,69.85,50.43,False,False
KANSER,AL_203,117,117,69.85,0.85,False,False
KANSER,AL_204,1,117,69.85,100.0,True,True
KANSER,AL_205,2,117,69.85,51.28,False,False
KANSER,AL_206,3,117,69.85,50.43,False,False
KANSER,AL_207,117,117,69.85,0.85,False,False
KANSER,AL_208,1,117,69.85,100.0,True,True
KANSER,AL_209,2,117,69.85,56.41,False,False
KANSER,AL_210,2,117,69.85,56.41,False,False
KANSER,AL_211,117,117,69.85,0.85,False,False
KANSER,AL_212,1,117,69.85,100.0,True,True
KANSER,AL_213,3,117,69.85,51.28,False,False
KANSER,AL_214,2,88,77.32,57.95,False,False
KANSER,AL_215,88,88,77.32,1.14,False,False
KANSER,AL_216,1,88,77.32,100.0,True,True
KANSER,AL_217,2,88,77.32,51.14,False,False
KANSER,AL_218,3,117,69.85,56.41,False,False
KANSER,AL_219,117,117,69.85,0.85,False,False
KANSER,AL_220,1,117,69.85,100.0,True,True
KANSER,AL_221,3,117,69.85,57.26,False,False
KANSER,AL_222,2,117,69.85,52.14,False,False
KANSER,AL_223,2,117,69.85,64.1,False,False
KANSER,AL_224,117,117,69.85,0.85,False,False
KANSER,AL_225,5,117,69.85,56.41,False,False
KANSER,AL_226,117,117,69.85,0.85,False,False
KANSER,AL_227,1,117,69.85,100.0,True,True
KANSER,AL_228,2,117,69.85,52.99,False,False
KANSER,AL_229,2,117,69.85,53.85,False,False
KANSER,AL_230,117,117,69.85,0.85,False,False
KANSER,AL_231,1,117,69.85,100.0,True,True
KANSER,AL_232,2,117,69.85,56.41,False,False
KANSER,AL_233,1,117,69.85,100.0,True,True
KANSER,AL_234,2,117,69.85,58.12,False,False
KANSER,AL_235,117,117,69.85,0.85,False,False
KANSER,AL_236,1,117,69.85,100.0,True,True
KANSER,AL_237,6,117,69.85,54.7,False,False
KANSER,AL_238,2,117,69.85,51.28,False,False
KANSER,AL_239,117,117,69.85,0.85,False,False
KANSER,AL_240,1,117,69.85,100.0,True,True
KANSER,AL_241,2,117,69.85,55.56,False,False
KANSER,AL_242,2,117,69.85,51.28,False,False
KANSER,AL_243,117,117,69.85,0.85,False,False
KANSER,AL_244,1,117,69.85,100.0,True,True
KANSER,AL_245,4,117,69.85,51.28,False,False
KANSER,AL_246,2,117,69.85,56.41,False,False
KANSER,AL_247,117,117,69.85,0.85,False,False
KANSER,AL_248,1,117,69.85,100.0,True,True
KANSER,AL_249,2,117,69.85,50.43,False,False
KANSER,AL_250,2,108,72.16,61.11,False,False
KANSER,AL_251,108,108,72.16,0.93,False,False
KANSER,AL_252,1,108,72.16,100.0,True,True
KANSER,AL_253,2,108,72.16,55.56,False,False
KANSER,AL_254,2,117,69.85,57.26,False,False
KANSER,AL_255,117,117,69.85,0.85,False,False
KANSER,AL_256,1,117,69.85,100.0,True,True
KANSER,AL_257,2,117,69.85,51.28,False,False
KANSER,AL_258,2,117,69.85,53.85,False,False
KANSER,AL_259,3,117,69.85,53.85,False,False
KANSER,AL_260,117,117,69.85,0.85,False,False
KANSER,AL_261,3,117,69.85,59.83,False,False
KANSER,AL_262,117,117,69.85,0.85,False,False
KANSER,AL_263,1,117,69.85,100.0,True,True
KANSER,AL_264,3,117,69.85,53.85,False,False
KANSER,AL_265,2,117,69.85,53.85,False,False
KANSER,AL_266,117,117,69.85,0.85,False,False
KANSER,AL_267,1,117,69.85,100.0,True,True
KANSER,AL_268,3,117,69.85,56.41,False,False
KANSER,AL_269,1,117,69.85,100.0,True,True
KANSER,AL_270,2,117,69.85,56.41,False,False
KANSER,AL_271,117,117,69.85,0.85,False,False
KANSER,AL_272,1,117,69.85,100.0,True,True
KANSER,AL_273,7,117,69.85,49.57,False,False
KANSER,AL_274,2,117,69.85,52.99,False,False
KANSER,AL_275,117,117,69.85,0.85,False,False
KANSER,AL_276,1,117,69.85,100.0,True,True
KANSER,AL_277,2,117,69.85,52.14,False,False
KANSER,AL_278,3,117,69.85,60.68,False,False
KANSER,AL_279,117,117,69.85,0.85,False,False
KANSER,AL_280,1,117,69.85,100.0,True,True
KANSER,AL_281,2,117,69.85,53.85,False,False
KANSER,AL_282,2,117,69.85,56.41,False,False
KANSER,AL_283,117,117,69.85,0.85,False,False
KANSER,AL_284,1,117,69.85,100.0,True,True
KANSER,AL_285,3,117,69.85,54.7,False,False
KANSER,AL_286,2,110,71.65,54.55,False,False
KANSER,AL_287,110,110,71.65,0.91,False,False
KANSER,AL_288,1,110,71.65,100.0,True,True
KANSER,AL_289,2,110,71.65,63.64,False,False
KANSER,AL_290,2,117,69.85,56.41,False,False
KANSER,AL_291,117,117,69.85,0.85,False,False
KANSER,AL_292,1,117,69.85,100.0,True,True
KANSER,AL_293,4,117,69.85,51.28,False,False
KANSER,AL_294,2,117,69.85,54.7,False,False
KANSER,AL_295,2,198,48.97,51.52,False,False
KANSER,AL_296,198,198,48.97,0.51,False,False
KANSER,AL_297,2,198,48.97,50.51,False,False
KANSER,AL_298,198,198,48.97,0.51,False,False
KANSER,AL_299,1,198,48.97,100.0,True,True
KANSER,AL_300,3,198,48.97,50.0,False,False
KANSER,AL_301,22,198,48.97,48.48,False,False
KANSER,AL_302,198,198,48.97,0.51,False,False
KANSER,AL_303,1,198,48.97,100.0,True,True
KANSER,AL_304,43,198,48.97,54.04,False,False
KANSER,AL_305,2,198,48.97,52.02,False,False
KANSER,AL_306,198,198,48.97,0.51,False,False
KANSER,AL_307,1,198,48.97,100.0,True,True
KANSER,AL_308,3,198,48.97,52.53,False,False
KANSER,AL_309,1,198,48.97,100.0,True,True
KANSER,AL_310,3,198,48.97,52.53,False,False
KANSER,AL_311,198,198,48.97,0.51,False,False
KANSER,AL_312,1,198,48.97,100.0,True,True
KANSER,AL_313,3,198,48.97,55.56,False,False
KANSER,AL_314,3,198,48.97,51.01,False,False
KANSER,AL_315,198,198,48.97,0.51,False,False
KANSER,AL_316,1,198,48.97,100.0,True,True
KANSER,AL_317,3,198,48.97,51.01,False,False
KANSER,AL_318,3,198,48.97,51.52,False,False
KANSER,AL_319,198,198,48.97,0.51,False,False
KANSER,AL_320,1,198,48.97,100.0,True,True
KANSER,AL_321,3,198,48.97,52.02,False,False
KANSER,AL_322,2,198,48.97,53.03,False,False
KANSER,AL_323,198,198,48.97,0.51,False,False
KANSER,AL_324,1,198,48.97,100.0,True,True
KANSER,AL_325,2,198,48.97,58.59,False,False
KANSER,AL_326,2,198,48.97,50.51,False,False
KANSER,AL_327,198,198,48.97,0.51,False,False
KANSER,AL_328,2,198,48.97,90.91,False,False
KANSER,AL_329,2,198,48.97,54.55,False,False
KANSER,AL_330,2,198,48.97,52.53,False,False
KANSER,AL_331,198,198,48.97,0.51,False,False
KANSER,AL_332,1,198,48.97,100.0,True,True
KANSER,AL_333,3,198,48.97,59.09,False,False
KANSER,AL_334,2,198,48.97,50.51,False,False
KANSER,CAT_1,26,222,42.78,30.63,False,False
KANSER,CAT_2,7,139,64.18,37.41,False,False
KANSER,CAT_3,5,365,5.93,26.3,False,False
KANSER,CAT_4,5,365,5.93,26.3,False,False
KANSER,CAT_5,5,365,5.93,26.3,False,False
KANSER,CAT_6,1,4,98.97,100.0,True,True
KANSER,EK_1,365,365,5.93,0.27,False,False
KANSER,EK_2,343,365,5.93,6.3,False,False
KANSER,EK_3,257,259,33.25,1.16,False,False
KANSER,EK_4,212,365,5.93,37.53,False,False
KANSER,EK_5,260,365,5.93,28.22,False,False
KANSER,EK_6,212,364,6.19,38.74,False,False
KANSER,EK_7,355,365,5.93,3.01,False,False
KANSER,EK_8,323,365,5.93,11.78,False,False
KANSER,EK_9,340,364,6.19,6.87,False,False
KANSER,AA_1,21,366,5.67,13.93,False,False
KANSER,AA_2,22,366,5.67,12.84,False,False
