Column,Miss_Pathogenic_Pct,Miss_Benign_Pct,Difference_Pct,Abs_Difference
AL_19,72.82,39.64,33.18,33.18
AL_16,72.82,39.64,33.18,33.18
AL_23,72.82,39.64,33.18,33.18
AL_18,72.82,39.64,33.18,33.18
AL_17,72.82,39.64,33.18,33.18
AL_25,72.82,39.77,33.05,33.05
AL_24,72.82,39.77,33.05,33.05
AL_22,72.82,39.77,33.05,33.05
AL_21,72.82,39.77,33.05,33.05
AL_20,72.82,39.77,33.05,33.05
AL_216,81.57,54.48,27.1,27.1
AL_217,81.57,54.48,27.1,27.1
AL_214,81.57,54.48,27.1,27.1
AL_215,81.57,54.48,27.1,27.1
AL_251,72.82,47.95,24.87,24.87
AL_253,72.82,47.95,24.87,24.87
AL_252,72.82,47.95,24.87,24.87
AL_250,72.82,47.95,24.87,24.87
AL_286,73.15,48.59,24.56,24.56
AL_289,73.15,48.59,24.56,24.56
AL_288,73.15,48.59,24.56,24.56
AL_287,73.15,48.59,24.56,24.56
AL_239,70.92,46.8,24.11,24.11
AL_240,70.92,46.8,24.11,24.11
AL_256,70.92,46.8,24.11,24.11
AL_255,70.92,46.8,24.11,24.11
AL_254,70.92,46.8,24.11,24.11
AL_248,70.92,46.8,24.11,24.11
AL_247,70.92,46.8,24.11,24.11
AL_241,70.92,46.8,24.11,24.11
AL_242,70.92,46.8,24.11,24.11
AL_243,70.92,46.8,24.11,24.11
AL_244,70.92,46.8,24.11,24.11
AL_245,70.92,46.8,24.11,24.11
AL_246,70.92,46.8,24.11,24.11
AL_249,70.92,46.8,24.11,24.11
AL_263,70.92,46.8,24.11,24.11
AL_257,70.92,46.8,24.11,24.11
AL_269,70.92,46.8,24.11,24.11
AL_279,70.92,46.8,24.11,24.11
AL_278,70.92,46.8,24.11,24.11
AL_277,70.92,46.8,24.11,24.11
AL_276,70.92,46.8,24.11,24.11
AL_274,70.92,46.8,24.11,24.11
AL_273,70.92,46.8,24.11,24.11
AL_272,70.92,46.8,24.11,24.11
AL_271,70.92,46.8,24.11,24.11
AL_270,70.92,46.8,24.11,24.11
AL_268,70.92,46.8,24.11,24.11
AL_258,70.92,46.8,24.11,24.11
AL_267,70.92,46.8,24.11,24.11
AL_266,70.92,46.8,24.11,24.11
AL_265,70.92,46.8,24.11,24.11
AL_264,70.92,46.8,24.11,24.11
AL_237,70.92,46.8,24.11,24.11
AL_262,70.92,46.8,24.11,24.11
AL_261,70.92,46.8,24.11,24.11
AL_260,70.92,46.8,24.11,24.11
AL_259,70.92,46.8,24.11,24.11
AL_238,70.92,46.8,24.11,24.11
AL_230,70.92,46.8,24.11,24.11
AL_236,70.92,46.8,24.11,24.11
AL_209,70.92,46.8,24.11,24.11
AL_207,70.92,46.8,24.11,24.11
AL_187,70.92,46.8,24.11,24.11
AL_188,70.92,46.8,24.11,24.11
AL_189,70.92,46.8,24.11,24.11
AL_190,70.92,46.8,24.11,24.11
AL_191,70.92,46.8,24.11,24.11
AL_192,70.92,46.8,24.11,24.11
AL_193,70.92,46.8,24.11,24.11
AL_194,70.92,46.8,24.11,24.11
AL_195,70.92,46.8,24.11,24.11
AL_196,70.92,46.8,24.11,24.11
AL_197,70.92,46.8,24.11,24.11
AL_198,70.92,46.8,24.11,24.11
AL_199,70.92,46.8,24.11,24.11
AL_200,70.92,46.8,24.11,24.11
AL_201,70.92,46.8,24.11,24.11
AL_202,70.92,46.8,24.11,24.11
AL_203,70.92,46.8,24.11,24.11
AL_204,70.92,46.8,24.11,24.11
AL_208,70.92,46.8,24.11,24.11
AL_210,70.92,46.8,24.11,24.11
AL_235,70.92,46.8,24.11,24.11
AL_211,70.92,46.8,24.11,24.11
AL_234,70.92,46.8,24.11,24.11
AL_233,70.92,46.8,24.11,24.11
AL_232,70.92,46.8,24.11,24.11
AL_231,70.92,46.8,24.11,24.11
AL_281,70.92,46.8,24.11,24.11
AL_229,70.92,46.8,24.11,24.11
AL_228,70.92,46.8,24.11,24.11
AL_227,70.92,46.8,24.11,24.11
AL_226,70.92,46.8,24.11,24.11
AL_225,70.92,46.8,24.11,24.11
AL_224,70.92,46.8,24.11,24.11
AL_223,70.92,46.8,24.11,24.11
AL_222,70.92,46.8,24.11,24.11
AL_221,70.92,46.8,24.11,24.11
AL_220,70.92,46.8,24.11,24.11
AL_219,70.92,46.8,24.11,24.11
AL_218,70.92,46.8,24.11,24.11
AL_213,70.92,46.8,24.11,24.11
AL_212,70.92,46.8,24.11,24.11
AL_280,70.92,46.8,24.11,24.11
AL_205,70.92,46.8,24.11,24.11
AL_282,70.92,46.8,24.11,24.11
AL_294,70.92,46.8,24.11,24.11
AL_284,70.92,46.8,24.11,24.11
AL_285,70.92,46.8,24.11,24.11
AL_206,70.92,46.8,24.11,24.11
AL_290,70.92,46.8,24.11,24.11
AL_283,70.92,46.8,24.11,24.11
AL_291,70.92,46.8,24.11,24.11
AL_292,70.92,46.8,24.11,24.11
AL_293,70.92,46.8,24.11,24.11
AL_275,70.92,46.93,23.99,23.99
AL_183,72.78,48.85,23.93,23.93
AL_184,72.78,48.85,23.93,23.93
AL_185,72.78,48.85,23.93,23.93
AL_320,50.58,27.11,23.47,23.47
AL_319,50.58,27.11,23.47,23.47
AL_315,50.58,27.11,23.47,23.47
AL_318,50.58,27.11,23.47,23.47
AL_317,50.58,27.11,23.47,23.47
AL_316,50.58,27.11,23.47,23.47
AL_322,50.58,27.11,23.47,23.47
AL_314,50.58,27.11,23.47,23.47
AL_313,50.58,27.11,23.47,23.47
AL_312,50.58,27.11,23.47,23.47
AL_311,50.58,27.11,23.47,23.47
AL_310,50.58,27.11,23.47,23.47
AL_321,50.58,27.11,23.47,23.47
AL_326,50.58,27.11,23.47,23.47
AL_323,50.58,27.11,23.47,23.47
AL_324,50.58,27.11,23.47,23.47
AL_3,96.23,72.76,23.47,23.47
AL_4,96.23,72.76,23.47,23.47
AL_5,96.23,72.76,23.47,23.47
AL_6,96.23,72.76,23.47,23.47
AL_334,50.58,27.11,23.47,23.47
AL_333,50.58,27.11,23.47,23.47
AL_332,50.58,27.11,23.47,23.47
AL_331,50.58,27.11,23.47,23.47
AL_330,50.58,27.11,23.47,23.47
AL_329,50.58,27.11,23.47,23.47
AL_328,50.58,27.11,23.47,23.47
AL_327,50.58,27.11,23.47,23.47
AL_2,96.23,72.76,23.47,23.47
AL_307,50.58,27.11,23.47,23.47
AL_325,50.58,27.11,23.47,23.47
AL_308,50.58,27.11,23.47,23.47
AL_309,50.58,27.11,23.47,23.47
AL_306,50.58,27.11,23.47,23.47
AL_299,50.58,27.11,23.47,23.47
AL_305,50.58,27.11,23.47,23.47
AL_295,50.58,27.11,23.47,23.47
AL_296,50.58,27.11,23.47,23.47
AL_297,50.58,27.11,23.47,23.47
AL_298,50.58,27.11,23.47,23.47
AL_1,96.23,72.76,23.47,23.47
AL_300,50.58,27.11,23.47,23.47
AL_303,50.58,27.11,23.47,23.47
AL_304,50.58,27.11,23.47,23.47
AL_301,50.58,27.11,23.47,23.47
AL_302,50.58,27.11,23.47,23.47
AL_98,64.59,44.25,20.34,20.34
AL_97,64.59,44.25,20.34,20.34
AL_96,64.59,44.25,20.34,20.34
AL_95,64.59,44.25,20.34,20.34
CAT_2,64.59,44.25,20.34,20.34
AL_94,64.59,44.25,20.34,20.34
AL_84,64.59,44.25,20.34,20.34
AL_92,64.59,44.25,20.34,20.34
AL_91,64.59,44.25,20.34,20.34
AL_90,64.59,44.25,20.34,20.34
AL_89,64.59,44.25,20.34,20.34
AL_88,64.59,44.25,20.34,20.34
AL_87,64.59,44.25,20.34,20.34
AL_86,64.59,44.25,20.34,20.34
AL_93,64.59,44.25,20.34,20.34
AL_85,64.59,44.25,20.34,20.34
AL_75,64.59,44.25,20.34,20.34
AL_76,64.59,44.25,20.34,20.34
AL_77,64.59,44.25,20.34,20.34
AL_78,64.59,44.25,20.34,20.34
AL_79,64.59,44.25,20.34,20.34
AL_80,64.59,44.25,20.34,20.34
AL_81,64.59,44.25,20.34,20.34
AL_82,64.59,44.25,20.34,20.34
AL_83,64.59,44.25,20.34,20.34
AL_32,96.65,76.98,19.67,19.67
AL_33,96.65,76.98,19.67,19.67
AL_38,96.65,76.98,19.67,19.67
AL_37,96.65,76.98,19.67,19.67
AL_36,96.65,76.98,19.67,19.67
AL_35,96.65,76.98,19.67,19.67
AL_27,96.65,76.98,19.67,19.67
AL_28,96.65,76.98,19.67,19.67
AL_29,96.65,76.98,19.67,19.67
AL_30,96.65,76.98,19.67,19.67
AL_31,96.65,76.98,19.67,19.67
AL_34,96.65,76.98,19.67,19.67
CAT_1,41.6,24.42,17.18,17.18
AL_176,53.89,36.7,17.18,17.18
AL_110,53.89,36.7,17.18,17.18
AL_128,53.89,36.7,17.18,17.18
AL_120,53.89,36.7,17.18,17.18
AL_121,53.89,36.7,17.18,17.18
AL_122,53.89,36.7,17.18,17.18
AL_123,53.89,36.7,17.18,17.18
AL_124,53.89,36.7,17.18,17.18
AL_125,53.89,36.7,17.18,17.18
AL_126,53.89,36.7,17.18,17.18
AL_127,53.89,36.7,17.18,17.18
AL_129,53.89,36.7,17.18,17.18
AL_139,53.89,36.7,17.18,17.18
AL_130,53.89,36.7,17.18,17.18
AL_131,53.89,36.7,17.18,17.18
AL_132,53.89,36.7,17.18,17.18
AL_133,53.89,36.7,17.18,17.18
AL_134,53.89,36.7,17.18,17.18
AL_135,53.89,36.7,17.18,17.18
AL_26,41.6,24.42,17.18,17.18
AL_137,53.89,36.7,17.18,17.18
AL_119,53.89,36.7,17.18,17.18
AL_118,53.89,36.7,17.18,17.18
AL_117,53.89,36.7,17.18,17.18
AL_116,53.89,36.7,17.18,17.18
AL_99,53.89,36.7,17.18,17.18
AL_100,53.89,36.7,17.18,17.18
AL_101,53.89,36.7,17.18,17.18
AL_102,53.89,36.7,17.18,17.18
AL_103,53.89,36.7,17.18,17.18
AL_104,53.89,36.7,17.18,17.18
AL_105,53.89,36.7,17.18,17.18
AL_106,53.89,36.7,17.18,17.18
AL_107,53.89,36.7,17.18,17.18
AL_108,53.89,36.7,17.18,17.18
AL_109,53.89,36.7,17.18,17.18
AL_182,53.89,36.7,17.18,17.18
AL_111,53.89,36.7,17.18,17.18
AL_112,53.89,36.7,17.18,17.18
AL_113,53.89,36.7,17.18,17.18
AL_114,53.89,36.7,17.18,17.18
AL_115,53.89,36.7,17.18,17.18
AL_138,53.89,36.7,17.18,17.18
AL_136,53.89,36.7,17.18,17.18
AL_140,53.89,36.7,17.18,17.18
AL_171,53.89,36.7,17.18,17.18
AL_163,53.89,36.7,17.18,17.18
AL_164,53.89,36.7,17.18,17.18
AL_141,53.89,36.7,17.18,17.18
AL_166,53.89,36.7,17.18,17.18
AL_167,53.89,36.7,17.18,17.18
AL_168,53.89,36.7,17.18,17.18
AL_169,53.89,36.7,17.18,17.18
AL_170,53.89,36.7,17.18,17.18
AL_172,53.89,36.7,17.18,17.18
AL_161,53.89,36.7,17.18,17.18
AL_173,53.89,36.7,17.18,17.18
AL_174,53.89,36.7,17.18,17.18
AL_175,53.89,36.7,17.18,17.18
AL_177,53.89,36.7,17.18,17.18
AL_178,53.89,36.7,17.18,17.18
AL_179,53.89,36.7,17.18,17.18
AL_180,53.89,36.7,17.18,17.18
AL_181,53.89,36.7,17.18,17.18
AL_162,53.89,36.7,17.18,17.18
AL_165,53.89,36.7,17.18,17.18
AL_160,53.89,36.7,17.18,17.18
AL_150,53.89,36.7,17.18,17.18
AL_142,53.89,36.7,17.18,17.18
AL_143,53.89,36.7,17.18,17.18
AL_144,53.89,36.7,17.18,17.18
AL_145,53.89,36.7,17.18,17.18
AL_159,53.89,36.7,17.18,17.18
AL_147,53.89,36.7,17.18,17.18
AL_148,53.89,36.7,17.18,17.18
AL_149,53.89,36.7,17.18,17.18
AL_146,53.89,36.7,17.18,17.18
AL_151,53.89,36.7,17.18,17.18
AL_153,53.89,36.7,17.18,17.18
AL_154,53.89,36.7,17.18,17.18
AL_155,53.89,36.7,17.18,17.18
AL_156,53.89,36.7,17.18,17.18
AL_157,53.89,36.7,17.18,17.18
AL_158,53.89,36.7,17.18,17.18
AL_152,53.89,36.7,17.18,17.18
AL_11,43.28,27.37,15.91,15.91
AL_14,43.28,27.37,15.91,15.91
AL_13,43.28,27.37,15.91,15.91
AL_12,43.28,27.37,15.91,15.91
AL_7,43.28,27.37,15.91,15.91
AL_10,43.28,27.37,15.91,15.91
AL_9,43.28,27.37,15.91,15.91
AL_8,43.28,27.37,15.91,15.91
AL_15,43.28,27.37,15.91,15.91
AL_186,33.88,24.42,9.45,9.45
CAT_4,10.05,18.29,-8.24,8.24
EK_1,10.05,18.29,-8.24,8.24
CAT_3,10.05,18.29,-8.24,8.24
EK_8,10.05,18.29,-8.24,8.24
EK_7,10.05,18.29,-8.24,8.24
EK_6,10.05,18.29,-8.24,8.24
EK_5,10.05,18.29,-8.24,8.24
EK_4,10.05,18.29,-8.24,8.24
CAT_5,10.05,18.29,-8.24,8.24
EK_2,10.05,18.29,-8.24,8.24
AA_2,9.77,17.9,-8.13,8.13
AA_1,9.77,17.65,-7.88,7.88
EK_3,47.37,39.9,7.47,7.47
AL_63,50.12,43.48,6.64,6.64
AL_74,50.12,43.48,6.64,6.64
AL_73,50.12,43.48,6.64,6.64
AL_72,50.12,43.48,6.64,6.64
AL_71,50.12,43.48,6.64,6.64
AL_70,50.12,43.48,6.64,6.64
AL_69,50.12,43.48,6.64,6.64
AL_68,50.12,43.48,6.64,6.64
AL_67,50.12,43.48,6.64,6.64
AL_66,50.12,43.48,6.64,6.64
AL_65,50.12,43.48,6.64,6.64
AL_64,50.12,43.48,6.64,6.64
AL_40,50.12,43.48,6.64,6.64
AL_52,50.12,43.48,6.64,6.64
AL_62,50.12,43.48,6.64,6.64
AL_61,50.12,43.48,6.64,6.64
AL_60,50.12,43.48,6.64,6.64
AL_59,50.12,43.48,6.64,6.64
AL_58,50.12,43.48,6.64,6.64
AL_57,50.12,43.48,6.64,6.64
AL_56,50.12,43.48,6.64,6.64
AL_55,50.12,43.48,6.64,6.64
AL_54,50.12,43.48,6.64,6.64
AL_41,50.12,43.48,6.64,6.64
AL_53,50.12,43.48,6.64,6.64
AL_51,50.12,43.48,6.64,6.64
AL_50,50.12,43.48,6.64,6.64
AL_49,50.12,43.48,6.64,6.64
AL_48,50.12,43.48,6.64,6.64
AL_47,50.12,43.48,6.64,6.64
AL_46,50.12,43.48,6.64,6.64
AL_45,50.12,43.48,6.64,6.64
AL_44,50.12,43.48,6.64,6.64
AL_43,50.12,43.48,6.64,6.64
AL_42,50.12,43.48,6.64,6.64
AL_39,50.12,43.48,6.64,6.64
EK_9,18.99,25.45,-6.46,6.46
CAT_6,98.56,95.4,3.16,3.16
