Column,Group,Dtype,Role,Use_As_Feature
Variant_ID,ID,object,identifier,NO
AL_1,AL,float64,numeric_feature,YES
AL_2,AL,float64,numeric_feature,YES
AL_3,AL,float64,numeric_feature,YES
AL_4,AL,float64,numeric_feature,YES
AL_5,AL,float64,numeric_feature,YES
AL_6,AL,float64,numeric_feature,YES
AL_7,AL,float64,numeric_feature,YES
AL_8,AL,float64,numeric_feature,YES
AL_9,AL,float64,numeric_feature,YES
AL_10,AL,float64,numeric_feature,YES
AL_11,AL,float64,numeric_feature,YES
AL_12,AL,float64,numeric_feature,YES
AL_13,AL,float64,numeric_feature,YES
AL_14,AL,float64,numeric_feature,YES
AL_15,AL,float64,numeric_feature,YES
AL_16,AL,float64,numeric_feature,YES
AL_17,AL,float64,numeric_feature,YES
AL_18,AL,float64,numeric_feature,YES
AL_19,AL,float64,numeric_feature,YES
AL_20,AL,float64,numeric_feature,YES
AL_21,AL,float64,numeric_feature,YES
AL_22,AL,float64,numeric_feature,YES
AL_23,AL,float64,numeric_feature,YES
AL_24,AL,float64,numeric_feature,YES
AL_25,AL,float64,numeric_feature,YES
AL_26,AL,float64,numeric_feature,YES
CAT_1,CAT,object,categorical_feature,YES (encode)
AL_27,AL,float64,numeric_feature,YES
AL_28,AL,float64,numeric_feature,YES
AL_29,AL,float64,numeric_feature,YES
AL_30,AL,float64,numeric_feature,YES
AL_31,AL,float64,numeric_feature,YES
AL_32,AL,float64,numeric_feature,YES
AL_33,AL,float64,numeric_feature,YES
AL_34,AL,float64,numeric_feature,YES
AL_35,AL,float64,numeric_feature,YES
AL_36,AL,float64,numeric_feature,YES
AL_37,AL,float64,numeric_feature,YES
AL_38,AL,float64,numeric_feature,YES
AL_39,AL,float64,numeric_feature,YES
AL_40,AL,float64,numeric_feature,YES
AL_41,AL,float64,numeric_feature,YES
AL_42,AL,float64,numeric_feature,YES
AL_43,AL,float64,numeric_feature,YES
AL_44,AL,float64,numeric_feature,YES
AL_45,AL,float64,numeric_feature,YES
AL_46,AL,float64,numeric_feature,YES
AL_47,AL,float64,numeric_feature,YES
AL_48,AL,float64,numeric_feature,YES
AL_49,AL,float64,numeric_feature,YES
AL_50,AL,float64,numeric_feature,YES
AL_51,AL,float64,numeric_feature,YES
AL_52,AL,float64,numeric_feature,YES
AL_53,AL,float64,numeric_feature,YES
AL_54,AL,float64,numeric_feature,YES
AL_55,AL,float64,numeric_feature,YES
AL_56,AL,float64,numeric_feature,YES
AL_57,AL,float64,numeric_feature,YES
AL_58,AL,float64,numeric_feature,YES
AL_59,AL,float64,numeric_feature,YES
AL_60,AL,float64,numeric_feature,YES
AL_61,AL,float64,numeric_feature,YES
AL_62,AL,float64,numeric_feature,YES
AL_63,AL,float64,numeric_feature,YES
AL_64,AL,float64,numeric_feature,YES
AL_65,AL,float64,numeric_feature,YES
AL_66,AL,float64,numeric_feature,YES
AL_67,AL,float64,numeric_feature,YES
AL_68,AL,float64,numeric_feature,YES
AL_69,AL,float64,numeric_feature,YES
AL_70,AL,float64,numeric_feature,YES
AL_71,AL,float64,numeric_feature,YES
AL_72,AL,float64,numeric_feature,YES
AL_73,AL,float64,numeric_feature,YES
AL_74,AL,float64,numeric_feature,YES
AL_75,AL,float64,numeric_feature,YES
AL_76,AL,float64,numeric_feature,YES
AL_77,AL,float64,numeric_feature,YES
AL_78,AL,float64,numeric_feature,YES
AL_79,AL,float64,numeric_feature,YES
AL_80,AL,float64,numeric_feature,YES
AL_81,AL,float64,numeric_feature,YES
AL_82,AL,float64,numeric_feature,YES
AL_83,AL,float64,numeric_feature,YES
AL_84,AL,float64,numeric_feature,YES
AL_85,AL,float64,numeric_feature,YES
AL_86,AL,float64,numeric_feature,YES
AL_87,AL,float64,numeric_feature,YES
AL_88,AL,float64,numeric_feature,YES
AL_89,AL,float64,numeric_feature,YES
AL_90,AL,float64,numeric_feature,YES
AL_91,AL,float64,numeric_feature,YES
AL_92,AL,float64,numeric_feature,YES
AL_93,AL,float64,numeric_feature,YES
AL_94,AL,float64,numeric_feature,YES
AL_95,AL,float64,numeric_feature,YES
CAT_2,CAT,object,categorical_feature,YES (encode)
AL_96,AL,float64,numeric_feature,YES
AL_97,AL,float64,numeric_feature,YES
AL_98,AL,float64,numeric_feature,YES
CAT_3,CAT,object,categorical_feature,YES (encode)
CAT_4,CAT,object,categorical_feature,YES (encode)
EK_1,EK,float64,numeric_feature (risk),YES (with caution)
EK_2,EK,float64,numeric_feature (risk),YES (with caution)
EK_3,EK,float64,numeric_feature (risk),YES (with caution)
AL_99,AL,float64,numeric_feature,YES
AL_100,AL,float64,numeric_feature,YES
AL_101,AL,float64,numeric_feature,YES
AL_102,AL,float64,numeric_feature,YES
AL_103,AL,float64,numeric_feature,YES
AL_104,AL,float64,numeric_feature,YES
AL_105,AL,float64,numeric_feature,YES
AL_106,AL,float64,numeric_feature,YES
AL_107,AL,float64,numeric_feature,YES
AL_108,AL,float64,numeric_feature,YES
AL_109,AL,float64,numeric_feature,YES
AL_110,AL,float64,numeric_feature,YES
AL_111,AL,float64,numeric_feature,YES
AL_112,AL,float64,numeric_feature,YES
AL_113,AL,float64,numeric_feature,YES
AL_114,AL,float64,numeric_feature,YES
AL_115,AL,float64,numeric_feature,YES
AL_116,AL,float64,numeric_feature,YES
AL_117,AL,float64,numeric_feature,YES
AL_118,AL,float64,numeric_feature,YES
AL_119,AL,float64,numeric_feature,YES
AL_120,AL,float64,numeric_feature,YES
AL_121,AL,float64,numeric_feature,YES
AL_122,AL,float64,numeric_feature,YES
AL_123,AL,float64,numeric_feature,YES
AL_124,AL,float64,numeric_feature,YES
AL_125,AL,float64,numeric_feature,YES
AL_126,AL,float64,numeric_feature,YES
AL_127,AL,float64,numeric_feature,YES
AL_128,AL,float64,numeric_feature,YES
AL_129,AL,float64,numeric_feature,YES
AL_130,AL,float64,numeric_feature,YES
AL_131,AL,float64,numeric_feature,YES
AL_132,AL,float64,numeric_feature,YES
AL_133,AL,float64,numeric_feature,YES
AL_134,AL,float64,numeric_feature,YES
AL_135,AL,float64,numeric_feature,YES
AL_136,AL,float64,numeric_feature,YES
AL_137,AL,float64,numeric_feature,YES
AL_138,AL,float64,numeric_feature,YES
AL_139,AL,float64,numeric_feature,YES
AL_140,AL,float64,numeric_feature,YES
AL_141,AL,float64,numeric_feature,YES
AL_142,AL,float64,numeric_feature,YES
AL_143,AL,float64,numeric_feature,YES
AL_144,AL,float64,numeric_feature,YES
AL_145,AL,float64,numeric_feature,YES
AL_146,AL,float64,numeric_feature,YES
AL_147,AL,float64,numeric_feature,YES
AL_148,AL,float64,numeric_feature,YES
AL_149,AL,float64,numeric_feature,YES
AL_150,AL,float64,numeric_feature,YES
AL_151,AL,float64,numeric_feature,YES
AL_152,AL,float64,numeric_feature,YES
AL_153,AL,float64,numeric_feature,YES
AL_154,AL,float64,numeric_feature,YES
AL_155,AL,float64,numeric_feature,YES
AL_156,AL,float64,numeric_feature,YES
AL_157,AL,float64,numeric_feature,YES
AL_158,AL,float64,numeric_feature,YES
AL_159,AL,float64,numeric_feature,YES
AL_160,AL,float64,numeric_feature,YES
AL_161,AL,float64,numeric_feature,YES
AL_162,AL,float64,numeric_feature,YES
AL_163,AL,float64,numeric_feature,YES
AL_164,AL,float64,numeric_feature,YES
AL_165,AL,float64,numeric_feature,YES
AL_166,AL,float64,numeric_feature,YES
AL_167,AL,float64,numeric_feature,YES
AL_168,AL,float64,numeric_feature,YES
AL_169,AL,float64,numeric_feature,YES
AL_170,AL,float64,numeric_feature,YES
AL_171,AL,float64,numeric_feature,YES
AL_172,AL,float64,numeric_feature,YES
AL_173,AL,float64,numeric_feature,YES
AL_174,AL,float64,numeric_feature,YES
AL_175,AL,float64,numeric_feature,YES
AL_176,AL,float64,numeric_feature,YES
AL_177,AL,float64,numeric_feature,YES
AL_178,AL,float64,numeric_feature,YES
AL_179,AL,float64,numeric_feature,YES
AL_180,AL,float64,numeric_feature,YES
AL_181,AL,float64,numeric_feature,YES
AL_182,AL,float64,numeric_feature,YES
AL_183,AL,float64,numeric_feature,YES
AL_184,AL,float64,numeric_feature,YES
AL_185,AL,float64,numeric_feature,YES
CAT_5,CAT,object,categorical_feature,YES (encode)
AL_186,AL,float64,numeric_feature,YES
AL_187,AL,float64,numeric_feature,YES
AL_188,AL,float64,numeric_feature,YES
AL_189,AL,float64,numeric_feature,YES
AL_190,AL,float64,numeric_feature,YES
AL_191,AL,float64,numeric_feature,YES
AL_192,AL,float64,numeric_feature,YES
AL_193,AL,float64,numeric_feature,YES
AL_194,AL,float64,numeric_feature,YES
AL_195,AL,float64,numeric_feature,YES
AL_196,AL,float64,numeric_feature,YES
AL_197,AL,float64,numeric_feature,YES
AL_198,AL,float64,numeric_feature,YES
AL_199,AL,float64,numeric_feature,YES
AL_200,AL,float64,numeric_feature,YES
AL_201,AL,float64,numeric_feature,YES
AL_202,AL,float64,numeric_feature,YES
AL_203,AL,float64,numeric_feature,YES
AL_204,AL,float64,numeric_feature,YES
AL_205,AL,float64,numeric_feature,YES
AL_206,AL,float64,numeric_feature,YES
AL_207,AL,float64,numeric_feature,YES
AL_208,AL,float64,numeric_feature,YES
AL_209,AL,float64,numeric_feature,YES
AL_210,AL,float64,numeric_feature,YES
AL_211,AL,float64,numeric_feature,YES
AL_212,AL,float64,numeric_feature,YES
AL_213,AL,float64,numeric_feature,YES
AL_214,AL,float64,numeric_feature,YES
AL_215,AL,float64,numeric_feature,YES
AL_216,AL,float64,numeric_feature,YES
AL_217,AL,float64,numeric_feature,YES
AL_218,AL,float64,numeric_feature,YES
AL_219,AL,float64,numeric_feature,YES
AL_220,AL,float64,numeric_feature,YES
AL_221,AL,float64,numeric_feature,YES
AL_222,AL,float64,numeric_feature,YES
CAT_6,CAT,object,categorical_feature,YES (encode)
AL_223,AL,float64,numeric_feature,YES
AL_224,AL,float64,numeric_feature,YES
AL_225,AL,float64,numeric_feature,YES
AL_226,AL,float64,numeric_feature,YES
AL_227,AL,float64,numeric_feature,YES
AL_228,AL,float64,numeric_feature,YES
AL_229,AL,float64,numeric_feature,YES
AL_230,AL,float64,numeric_feature,YES
AL_231,AL,float64,numeric_feature,YES
AL_232,AL,float64,numeric_feature,YES
AL_233,AL,float64,numeric_feature,YES
AL_234,AL,float64,numeric_feature,YES
AL_235,AL,float64,numeric_feature,YES
AL_236,AL,float64,numeric_feature,YES
AL_237,AL,float64,numeric_feature,YES
AL_238,AL,float64,numeric_feature,YES
AL_239,AL,float64,numeric_feature,YES
AL_240,AL,float64,numeric_feature,YES
AL_241,AL,float64,numeric_feature,YES
AL_242,AL,float64,numeric_feature,YES
AL_243,AL,float64,numeric_feature,YES
AL_244,AL,float64,numeric_feature,YES
AL_245,AL,float64,numeric_feature,YES
AL_246,AL,float64,numeric_feature,YES
AL_247,AL,float64,numeric_feature,YES
AL_248,AL,float64,numeric_feature,YES
AL_249,AL,float64,numeric_feature,YES
AL_250,AL,float64,numeric_feature,YES
AL_251,AL,float64,numeric_feature,YES
AL_252,AL,float64,numeric_feature,YES
AL_253,AL,float64,numeric_feature,YES
AL_254,AL,float64,numeric_feature,YES
AL_255,AL,float64,numeric_feature,YES
AL_256,AL,float64,numeric_feature,YES
AL_257,AL,float64,numeric_feature,YES
AL_258,AL,float64,numeric_feature,YES
AL_259,AL,float64,numeric_feature,YES
AL_260,AL,float64,numeric_feature,YES
AL_261,AL,float64,numeric_feature,YES
AL_262,AL,float64,numeric_feature,YES
AL_263,AL,float64,numeric_feature,YES
AL_264,AL,float64,numeric_feature,YES
AL_265,AL,float64,numeric_feature,YES
AL_266,AL,float64,numeric_feature,YES
AL_267,AL,float64,numeric_feature,YES
AL_268,AL,float64,numeric_feature,YES
AL_269,AL,float64,numeric_feature,YES
AL_270,AL,float64,numeric_feature,YES
AL_271,AL,float64,numeric_feature,YES
AL_272,AL,float64,numeric_feature,YES
AL_273,AL,float64,numeric_feature,YES
AL_274,AL,float64,numeric_feature,YES
AL_275,AL,float64,numeric_feature,YES
AL_276,AL,float64,numeric_feature,YES
AL_277,AL,float64,numeric_feature,YES
AL_278,AL,float64,numeric_feature,YES
AL_279,AL,float64,numeric_feature,YES
AL_280,AL,float64,numeric_feature,YES
AL_281,AL,float64,numeric_feature,YES
AL_282,AL,float64,numeric_feature,YES
AL_283,AL,float64,numeric_feature,YES
AL_284,AL,float64,numeric_feature,YES
AL_285,AL,float64,numeric_feature,YES
AL_286,AL,float64,numeric_feature,YES
AL_287,AL,float64,numeric_feature,YES
AL_288,AL,float64,numeric_feature,YES
AL_289,AL,float64,numeric_feature,YES
AL_290,AL,float64,numeric_feature,YES
AL_291,AL,float64,numeric_feature,YES
AL_292,AL,float64,numeric_feature,YES
AL_293,AL,float64,numeric_feature,YES
AL_294,AL,float64,numeric_feature,YES
AL_295,AL,float64,numeric_feature,YES
AL_296,AL,float64,numeric_feature,YES
AL_297,AL,float64,numeric_feature,YES
AL_298,AL,float64,numeric_feature,YES
AL_299,AL,float64,numeric_feature,YES
AL_300,AL,float64,numeric_feature,YES
AL_301,AL,float64,numeric_feature,YES
AL_302,AL,float64,numeric_feature,YES
AL_303,AL,float64,numeric_feature,YES
AL_304,AL,float64,numeric_feature,YES
AL_305,AL,float64,numeric_feature,YES
AL_306,AL,float64,numeric_feature,YES
AL_307,AL,float64,numeric_feature,YES
AL_308,AL,float64,numeric_feature,YES
AL_309,AL,float64,numeric_feature,YES
AL_310,AL,float64,numeric_feature,YES
AL_311,AL,float64,numeric_feature,YES
AL_312,AL,float64,numeric_feature,YES
AL_313,AL,float64,numeric_feature,YES
AL_314,AL,float64,numeric_feature,YES
AL_315,AL,float64,numeric_feature,YES
AL_316,AL,float64,numeric_feature,YES
AL_317,AL,float64,numeric_feature,YES
AL_318,AL,float64,numeric_feature,YES
AL_319,AL,float64,numeric_feature,YES
AL_320,AL,float64,numeric_feature,YES
AL_321,AL,float64,numeric_feature,YES
AL_322,AL,float64,numeric_feature,YES
AL_323,AL,float64,numeric_feature,YES
AL_324,AL,float64,numeric_feature,YES
AL_325,AL,float64,numeric_feature,YES
AL_326,AL,float64,numeric_feature,YES
AL_327,AL,float64,numeric_feature,YES
AL_328,AL,float64,numeric_feature,YES
AL_329,AL,float64,numeric_feature,YES
AL_330,AL,float64,numeric_feature,YES
AL_331,AL,float64,numeric_feature,YES
AL_332,AL,float64,numeric_feature,YES
AL_333,AL,float64,numeric_feature,YES
AL_334,AL,float64,numeric_feature,YES
EK_4,EK,float64,numeric_feature (risk),YES (with caution)
EK_5,EK,float64,numeric_feature (risk),YES (with caution)
EK_6,EK,float64,numeric_feature (risk),YES (with caution)
EK_7,EK,float64,numeric_feature (risk),YES (with caution)
EK_8,EK,float64,numeric_feature (risk),YES (with caution)
EK_9,EK,float64,numeric_feature (risk),YES (with caution)
AA_1,AA,object,amino_acid_feature,YES (encode)
AA_2,AA,object,amino_acid_feature,YES (encode)
Label,Target,int64,target,NO
