Dataset,Column,N Unique,Missing%,Top Value,Top Count,Sample Values
CFTR,CAT_1,23,14.41,gnomADe_NFE,28,"['gnomADe_REMAINING', 'gnomADe_NFE', 'gnomADg_NFE', 'gnomADe_SAS', 'gnomADe_FIN', 'gnomADe_MID', 'gnomADe_AFR', 'gnomADg_EAS']"
CFTR,CAT_2,7,33.33,nan,37,"['AllofUs_EUR', 'AllofUs_OTH', 'AllofUs_AFR', 'AllofUs_EAS', 'AllofUs_AMR', 'AllofUs_MID', 'AllofUs_SAS']"
CFTR,CAT_3,5,0.0,T/T,36,"['T/T', 'C/C', 'G/G', 'A/A', './.']"
CFTR,CAT_4,5,0.0,T/T,36,"['T/T', 'C/C', 'G/G', 'A/A', './.']"
CFTR,CAT_5,5,0.0,T/T,36,"['T/T', 'C/C', 'G/G', 'A/A', './.']"
CFTR,CAT_6,1,98.2,nan,109,['decoy&segdup']
CFTR,AA_1,18,0.0,S,13,"['L', 'S', 'G', 'W', 'E', 'D', 'P', 'F']"
CFTR,AA_2,20,0.0,R,18,"['P', 'F', 'E', 'R', 'C', 'K', 'L', 'H']"
KANSER,CAT_1,26,42.78,nan,166,"['SAS', 'gnomADe_NFE', 'gnomADe_SAS', 'gnomADg_MID', 'gnomADg_AFR', 'gnomADg_AMR', 'gnomADg_EAS', 'gnomADg_NFE']"
KANSER,CAT_2,7,64.18,nan,249,"['AllofUs_SAS', 'AllofUs_EUR', 'AllofUs_EAS', 'AllofUs_OTH', 'AllofUs_AMR', 'AllofUs_AFR', 'AllofUs_MID']"
KANSER,CAT_3,5,5.93,G/G,96,"['C/C', 'G/G', 'T/T', 'A/A', './.']"
KANSER,CAT_4,5,5.93,G/G,96,"['C/C', 'G/G', 'T/T', 'A/A', './.']"
KANSER,CAT_5,5,5.93,G/G,96,"['C/C', 'G/G', 'T/T', 'A/A', './.']"
KANSER,CAT_6,1,98.97,nan,384,['segdup']
KANSER,AA_1,21,5.67,R,51,"['P', 'R', 'S', 'Q', 'L', 'F', 'D', 'G']"
KANSER,AA_2,22,5.67,P,47,"['L', 'Q', 'R', 'H', 'P', 'C', 'E', 'T']"
MASTER,CAT_1,30,37.02,nan,1085,"['gnomADe_EAS', 'gnomADe_FIN', 'gnomADe_NFE', 'gnomADg_AMR', 'gnomADe_SAS', 'EUR', 'gnomADe_REMAINING', 'gnomADe_AFR']"
MASTER,CAT_2,7,59.16,nan,1734,"['AllofUs_EAS', 'AllofUs_EUR', 'AllofUs_AFR', 'AllofUs_AMR', 'AllofUs_OTH', 'AllofUs_SAS', 'AllofUs_MID']"
MASTER,CAT_3,5,12.25,G/G,748,"['C/C', 'T/T', 'G/G', './.', 'A/A']"
MASTER,CAT_4,5,12.25,G/G,747,"['C/C', 'T/T', 'G/G', './.', 'A/A']"
MASTER,CAT_5,5,12.25,G/G,748,"['C/C', 'T/T', 'G/G', './.', 'A/A']"
MASTER,CAT_6,3,97.71,nan,2864,"['lcr', 'segdup', 'decoy&segdup']"
MASTER,AA_1,24,11.87,R,422,"['R', 'N', 'P', 'V', 'G', 'L', 'I', 'S']"
MASTER,AA_2,25,11.94,nan,350,"['Q', 'S', 'A', 'I', 'E', 'C', 'G', 'R']"
PAH,CAT_1,24,36.29,nan,135,"['gnomADg_AMR', 'gnomADg_NFE', 'gnomADe_NFE', 'gnomADg_AFR', 'gnomADg_EAS', 'gnomADe_REMAINING', 'gnomADg_ASJ', 'EAS']"
PAH,CAT_2,7,61.29,nan,228,"['AllofUs_OTH', 'AllofUs_EUR', 'AllofUs_AFR', 'AllofUs_EAS', 'AllofUs_AMR', 'AllofUs_SAS', 'AllofUs_MID']"
PAH,CAT_3,4,2.96,G/G,113,"['G/G', 'T/T', 'A/A', 'C/C']"
PAH,CAT_4,4,2.96,G/G,113,"['G/G', 'T/T', 'A/A', 'C/C']"
PAH,CAT_5,4,2.96,G/G,113,"['G/G', 'T/T', 'A/A', 'C/C']"
PAH,CAT_6,0,100.0,nan,372,[]
PAH,AA_1,20,2.42,P,35,"['F', 'I', 'L', 'R', 'P', 'D', 'G', 'H']"
PAH,AA_2,20,2.42,V,40,"['L', 'V', 'P', 'S', 'Y', 'C', 'R', 'Q']"
