Panel,Feature,KS Statistic,KS p-value,Significant Shift
CFTR,AL_1,0.1898,0.6153757239211698,False
CFTR,AL_2,0.483,0.0014010369596740453,False
CFTR,AL_3,0.1565,0.8234862826342333,False
CFTR,AL_4,0.2837,0.16474819120743467,False
CFTR,AL_5,0.2231,0.41423971526075226,False
CFTR,AL_6,0.3116,0.09935510139502614,False
CFTR,AL_7,0.1292,0.09216139383688983,False
CFTR,AL_8,0.2425,4.188884626965333e-05,True
CFTR,AL_9,0.1028,0.2807533523137783,False
CFTR,AL_10,0.1415,0.05002620493159594,False
CFTR,AL_11,0.1029,0.2794636232875315,False
CFTR,AL_12,0.0903,0.43364896823806537,False
CFTR,AL_13,0.0833,0.5359225122572606,False
CFTR,AL_14,0.1745,0.007459451307786254,False
CFTR,AL_15,0.1234,0.1206603324112665,False
CFTR,AL_16,0.0936,0.713923715186586,False
CFTR,AL_17,0.2731,0.0006189722630799648,True
CFTR,AL_18,0.1282,0.3276165277582977,False
CFTR,AL_19,0.1047,0.5779111009977551,False
CFTR,AL_20,0.1644,0.10525815502119194,False
CFTR,AL_21,0.1262,0.34513405307468104,False
CFTR,AL_22,0.0751,0.9069432096210841,False
CFTR,AL_23,0.1835,0.051606273416467334,False
CFTR,AL_24,0.0884,0.7742355014821615,False
CFTR,AL_25,0.1314,0.2995926424956564,False
CFTR,AL_26,0.1618,0.015496332217481291,False
CFTR,AL_27,0.1833,0.6613467803393106,False
CFTR,AL_28,0.1563,0.8265444601761166,False
CFTR,AL_29,0.0619,0.9999998505109968,False
CFTR,AL_30,0.4381,0.005506213151434412,False
CFTR,AL_31,0.096,0.997635594239498,False
CFTR,AL_32,0.2016,0.5455064179116094,False
CFTR,AL_33,0.2333,0.3653678560907149,False
CFTR,AL_34,0.2198,0.43683532113352336,False
CFTR,AL_35,0.2762,0.19029524705006734,False
CFTR,AL_36,0.2817,0.17353783264476288,False
CFTR,AL_37,0.1675,0.762046296439544,False
CFTR,AL_38,0.2516,0.2807857447526403,False
CFTR,AL_39,0.0239,0.9999999998238822,False
CFTR,AL_40,0.2039,0.003505901730921849,False
CFTR,AL_41,0.0009,1.0,False
CFTR,AL_42,0.1269,0.16770402501167964,False
CFTR,AL_43,0.3276,1.3833991371559258e-07,True
CFTR,AL_44,0.0106,1.0,False
CFTR,AL_45,0.0591,0.9437701730453731,False
CFTR,AL_46,0.5064,4.315825244283983e-18,True
CFTR,AL_47,0.0185,1.0,False
CFTR,AL_48,0.0371,0.9998517301423444,False
CFTR,AL_49,0.1851,0.010670139561545975,False
CFTR,AL_50,0.0873,0.5921499240244643,False
CFTR,AL_51,0.0884,0.5755533714013655,False
CFTR,AL_52,0.1318,0.13808010755818315,False
CFTR,AL_53,0.0101,1.0,False
CFTR,AL_54,0.0398,0.999474549293224,False
CFTR,AL_55,0.1216,0.20446646259765566,False
CFTR,AL_56,0.0088,1.0,False
CFTR,AL_57,0.047,0.9939130460617243,False
CFTR,AL_58,0.0804,0.6911955171169436,False
CFTR,AL_59,0.0131,1.0,False
CFTR,AL_60,0.0287,0.9999998039288294,False
CFTR,AL_61,0.088,0.582109632170216,False
CFTR,AL_62,0.0264,0.9999999890413539,False
CFTR,AL_63,0.0606,0.9315299666809038,False
CFTR,AL_64,0.1191,0.2237266703451654,False
CFTR,AL_65,0.0487,0.9907956484510109,False
CFTR,AL_66,0.019,1.0,False
CFTR,AL_67,0.1218,0.20331965514584827,False
CFTR,AL_68,0.0567,0.9591782670156849,False
CFTR,AL_69,0.0283,0.9999998751523433,False
CFTR,AL_70,0.1025,0.38964686811794413,False
CFTR,AL_71,0.0646,0.8956069104068493,False
CFTR,AL_72,0.041,0.9991378589627171,False
CFTR,AL_73,0.0671,0.8685438814287801,False
CFTR,AL_74,0.0318,0.9999957709743685,False
CFTR,AL_75,0.0081,1.0,False
CFTR,AL_76,0.2164,0.002404572459423637,False
CFTR,AL_77,0.0371,0.999921545350389,False
CFTR,AL_78,0.0489,0.9931821514770075,False
CFTR,AL_79,0.1109,0.33244911138436045,False
CFTR,AL_80,0.0,1.0,False
CFTR,AL_81,0.0496,0.991951057570769,False
CFTR,AL_82,0.1034,0.4158767387901835,False
CFTR,AL_83,0.0315,0.9999985780971126,False
CFTR,AL_84,0.0564,0.9697963728412822,False
CFTR,AL_85,0.1148,0.29366381672885067,False
CFTR,AL_86,0.0022,1.0,False
CFTR,AL_87,0.0524,0.9853522972041701,False
CFTR,AL_88,0.15,0.07784238561697619,False
CFTR,AL_89,0.0681,0.8801727072725809,False
CFTR,AL_90,0.0067,1.0,False
CFTR,AL_91,0.0925,0.5570287176414735,False
CFTR,AL_92,0.0968,0.4982848088104696,False
CFTR,AL_93,0.0463,0.9966462187326052,False
CFTR,AL_94,0.1038,0.4111915391524917,False
CFTR,AL_95,0.0173,1.0,False
CFTR,AL_96,0.0571,0.9663858834523112,False
CFTR,AL_97,0.0901,0.5905151835458563,False
CFTR,AL_98,0.0569,0.9676277642524946,False
CFTR,AL_99,0.0148,1.0,False
CFTR,AL_100,0.1865,0.004955832053733644,False
PAH,AL_1,0.6599,3.5403523566872745e-06,True
PAH,AL_2,0.4694,0.003364342843721168,False
PAH,AL_3,0.5578,0.0002075618661429598,True
PAH,AL_4,0.4422,0.0070373747436452165,False
PAH,AL_5,0.551,0.0002630061502523699,True
PAH,AL_6,0.4898,0.001867132204029986,False
PAH,AL_7,0.5283,4.052103073294269e-51,True
PAH,AL_8,0.3921,1.4878649013001064e-27,True
PAH,AL_9,0.5635,1.1496860794395846e-58,True
PAH,AL_10,0.4098,3.780062947386229e-30,True
PAH,AL_11,0.3017,2.750662118523958e-16,True
PAH,AL_12,0.5143,2.6932935798659106e-48,True
PAH,AL_13,0.5072,6.584225957568588e-47,True
PAH,AL_14,0.5076,5.454238345589422e-47,True
PAH,AL_15,0.4551,2.0870038009967527e-37,True
PAH,AL_16,0.5216,5.0255835526896005e-28,True
PAH,AL_17,0.4483,1.7352378472205896e-20,True
PAH,AL_18,0.4171,1.0911520436337459e-17,True
PAH,AL_19,0.5029,5.710847459225072e-26,True
PAH,AL_20,0.4087,5.59058228334649e-17,True
PAH,AL_21,0.377,1.958853715906703e-14,True
PAH,AL_22,0.5711,5.676298965985226e-34,True
PAH,AL_23,0.5317,3.5472980504735966e-29,True
PAH,AL_24,0.5,1.1632563220220388e-25,True
PAH,AL_25,0.462,8.751351220513897e-22,True
PAH,AL_26,0.3996,1.161080649808602e-30,True
PAH,AL_27,0.3413,0.07213171935336743,False
PAH,AL_28,0.6746,2.0384598968118996e-06,True
PAH,AL_29,0.4405,0.007714300801896624,False
PAH,AL_30,0.4325,0.009448022754007667,False
PAH,AL_31,0.4921,0.001853647718693418,False
PAH,AL_32,0.4881,0.0020828051097735584,False
PAH,AL_33,0.4762,0.0029340256282137764,False
PAH,AL_34,0.3532,0.05702533716928632,False
PAH,AL_35,0.5198,0.0007927377725911391,True
PAH,AL_36,0.6032,4.241222655428479e-05,True
PAH,AL_37,0.5476,0.00031903048507712017,True
PAH,AL_38,0.4921,0.001853647718693418,False
PAH,AL_39,0.1556,0.0018599705839247595,False
PAH,AL_40,0.407,1.2693835135130768e-21,True
PAH,AL_41,0.0138,1.0,False
PAH,AL_42,0.1269,0.019055260181955025,False
PAH,AL_43,0.3577,1.144430232526117e-16,True
PAH,AL_44,0.0087,1.0,False
PAH,AL_45,0.496,1.7171465296282799e-32,True
PAH,AL_46,0.3447,1.7341926401563228e-15,True
PAH,AL_47,0.0057,1.0,False
PAH,AL_48,0.1256,0.020970005651216327,False
PAH,AL_49,0.2864,9.380594279839749e-11,True
PAH,AL_50,0.157,0.001635986551840583,False
PAH,AL_51,0.139,0.007528365446686392,False
PAH,AL_52,0.2759,5.362562842071432e-10,True
PAH,AL_53,0.0567,0.7302576993778326,False
PAH,AL_54,0.1295,0.01568690200231425,False
PAH,AL_55,0.4543,4.499649741088959e-27,True
PAH,AL_56,0.0088,1.0,False
PAH,AL_57,0.4835,8.448122943567713e-31,True
PAH,AL_58,0.4526,7.211556538814919e-27,True
PAH,AL_59,0.0639,0.5865480274729701,False
PAH,AL_60,0.4862,3.621894684962979e-31,True
PAH,AL_61,0.4649,2.1706842322748355e-28,True
PAH,AL_62,0.0582,0.6992180522757879,False
PAH,AL_63,0.392,4.908498439119641e-20,True
PAH,AL_64,0.4827,1.071992430830375e-30,True
PAH,AL_65,0.0103,1.0,False
PAH,AL_66,0.4956,1.9880582120762672e-32,True
PAH,AL_67,0.4078,1.0567289892414756e-21,True
PAH,AL_68,0.1126,0.050964076363181336,False
PAH,AL_69,0.4923,5.603394260949829e-32,True
PAH,AL_70,0.4778,4.7686859529708625e-30,True
PAH,AL_71,0.019,0.9999999948755572,False
PAH,AL_72,0.1179,0.03580807158727823,False
PAH,AL_73,0.4944,2.9027067111223536e-32,True
PAH,AL_74,0.0259,0.9999489128286055,False
PAH,AL_75,0.1535,0.004128023080814107,False
PAH,AL_76,0.3945,1.754647973026147e-18,True
PAH,AL_77,0.0588,0.7403463060160319,False
PAH,AL_78,0.1484,0.006156189161144871,False
PAH,AL_79,0.4725,1.0139608384832307e-26,True
PAH,AL_80,0.0,1.0,False
PAH,AL_81,0.143,0.009308508139470989,False
PAH,AL_82,0.4816,8.522107417061422e-28,True
PAH,AL_83,0.1644,0.0016662561174527934,False
PAH,AL_84,0.4728,9.305123840850857e-27,True
PAH,AL_85,0.3706,2.665404460081483e-16,True
PAH,AL_86,0.0205,0.9999999840765847,False
PAH,AL_87,0.1903,0.00014939738281591046,True
PAH,AL_88,0.4648,8.072078395334665e-26,True
PAH,AL_89,0.0594,0.7296422457237461,False
PAH,AL_90,0.115,0.06133733310428123,False
PAH,AL_91,0.4956,1.6738617968335388e-29,True
PAH,AL_92,0.0587,0.7422672043948527,False
PAH,AL_93,0.1384,0.012999305544483994,False
PAH,AL_94,0.4115,3.9450950312052646e-20,True
PAH,AL_95,0.0096,1.0,False
PAH,AL_96,0.5079,4.649195854913997e-31,True
PAH,AL_97,0.4459,1.0484295745433364e-23,True
PAH,AL_98,0.0264,0.9999707536827257,False
PAH,AL_99,0.0524,0.690047960956006,False
PAH,AL_100,0.3944,2.358339888026766e-25,True
KANSER,AL_1,0.1821,0.1312494298916389,False
KANSER,AL_2,0.1247,0.5333460967879883,False
KANSER,AL_3,0.1376,0.40961041782014607,False
KANSER,AL_4,0.0864,0.9054385867940494,False
KANSER,AL_5,0.1306,0.474986018436998,False
KANSER,AL_6,0.1295,0.48564190300728627,False
KANSER,AL_7,0.0711,0.2724350055177249,False
KANSER,AL_8,0.0472,0.7655674068180557,False
KANSER,AL_9,0.0857,0.11194508657749533,False
KANSER,AL_10,0.0576,0.5268990090651625,False
KANSER,AL_11,0.0482,0.7432169302863462,False
KANSER,AL_12,0.062,0.4334847711784349,False
KANSER,AL_13,0.0763,0.20279526460454297,False
KANSER,AL_14,0.0527,0.6380183772180907,False
KANSER,AL_15,0.0555,0.5751751234942437,False
KANSER,AL_16,0.0972,0.2356297639993417,False
KANSER,AL_17,0.0586,0.822766844882739,False
KANSER,AL_18,0.0539,0.8890715399250646,False
KANSER,AL_19,0.0734,0.5692284847748902,False
KANSER,AL_20,0.1059,0.15945056053716716,False
KANSER,AL_21,0.0762,0.5213964263866827,False
KANSER,AL_22,0.0766,0.5160108359348982,False
KANSER,AL_23,0.0655,0.7090890952539547,False
KANSER,AL_24,0.1655,0.004329810618280036,False
KANSER,AL_25,0.0817,0.4332339563306965,False
KANSER,AL_26,0.0463,0.7698663094039178,False
KANSER,AL_27,0.036,0.9999999983799348,False
KANSER,AL_28,0.1294,0.5749078582551179,False
KANSER,AL_29,0.0962,0.8805793853612617,False
KANSER,AL_30,0.2802,0.007706818815659829,False
KANSER,AL_31,0.1645,0.2847411133967416,False
KANSER,AL_32,0.1578,0.3307366396870788,False
KANSER,AL_33,0.1609,0.3094557559809914,False
KANSER,AL_34,0.2213,0.06159083973195246,False
KANSER,AL_35,0.0699,0.9918935426049984,False
KANSER,AL_36,0.1108,0.7559710824235986,False
KANSER,AL_37,0.1059,0.8008532607031487,False
KANSER,AL_38,0.1413,0.4640527112298291,False
KANSER,AL_39,0.0427,0.8241253840482731,False
KANSER,AL_40,0.0767,0.1614980973633628,False
KANSER,AL_41,0.0078,1.0,False
KANSER,AL_42,0.0344,0.9578992008477004,False
KANSER,AL_43,0.0385,0.9037432711863378,False
KANSER,AL_44,0.0106,1.0,False
KANSER,AL_45,0.0971,0.03633812443161872,False
KANSER,AL_46,0.0463,0.7430648391440351,False
KANSER,AL_47,0.0185,0.9999988076921601,False
KANSER,AL_48,0.0841,0.0977885634827248,False
KANSER,AL_49,0.0546,0.5410391217878197,False
KANSER,AL_50,0.053,0.5788662927062517,False
KANSER,AL_51,0.0302,0.9876498392913764,False
KANSER,AL_52,0.0758,0.17114818873295767,False
KANSER,AL_53,0.0615,0.3919652735722405,False
KANSER,AL_54,0.0178,0.9999995962707722,False
KANSER,AL_55,0.0379,0.912992296928556,False
KANSER,AL_56,0.0607,0.4066944131488922,False
KANSER,AL_57,0.0248,0.9991611280341323,False
KANSER,AL_58,0.0499,0.6540486666313566,False
KANSER,AL_59,0.0433,0.8113246286980953,False
KANSER,AL_60,0.0249,0.9990714557578855,False
KANSER,AL_61,0.0635,0.3524500677972771,False
KANSER,AL_62,0.0182,0.9999993157439386,False
KANSER,AL_63,0.0194,0.9999956186735229,False
KANSER,AL_64,0.0419,0.8401747262993845,False
KANSER,AL_65,0.0293,0.9912595594333783,False
KANSER,AL_66,0.0326,0.9739053406087783,False
KANSER,AL_67,0.0712,0.22782025490742044,False
KANSER,AL_68,0.1106,0.011136629892242815,False
KANSER,AL_69,0.0202,0.9999875406163768,False
KANSER,AL_70,0.0363,0.9358292072700392,False
KANSER,AL_71,0.0411,0.8569063278203678,False
KANSER,AL_72,0.0141,0.9999999999706339,False
KANSER,AL_73,0.0551,0.5306725390422369,False
KANSER,AL_74,0.0368,0.9286490033095764,False
KANSER,AL_75,0.1277,0.031247510570203172,False
KANSER,AL_76,0.0871,0.28293757683176884,False
KANSER,AL_77,0.048,0.9216527281935278,False
KANSER,AL_78,0.0214,0.9999999576799526,False
KANSER,AL_79,0.0731,0.49433913532110235,False
KANSER,AL_80,0.0,1.0,False
KANSER,AL_81,0.0935,0.21094549109223557,False
KANSER,AL_82,0.1505,0.006250210278929154,False
KANSER,AL_83,0.0067,1.0,False
KANSER,AL_84,0.1245,0.03821774889915887,False
KANSER,AL_85,0.0993,0.15907572246148688,False
KANSER,AL_86,0.0489,0.9105427276365817,False
KANSER,AL_87,0.0065,1.0,False
KANSER,AL_88,0.05,0.8979728629120072,False
KANSER,AL_89,0.0012,1.0,False
KANSER,AL_90,0.0068,1.0,False
KANSER,AL_91,0.1191,0.05349140043763214,False
KANSER,AL_92,0.0297,0.9997455340587649,False
KANSER,AL_93,0.0902,0.2462996370623058,False
KANSER,AL_94,0.0925,0.22153797640244452,False
KANSER,AL_95,0.0133,1.0,False
KANSER,AL_96,0.0507,0.8885565818682584,False
KANSER,AL_97,0.0479,0.922502543145091,False
KANSER,AL_98,0.0108,1.0,False
KANSER,AL_99,0.0554,0.6768453307355549,False
KANSER,AL_100,0.0791,0.24550450780597238,False
