Column,Count,Missing%,Mean,Median,Std,Min,Q1,Q3,Max,Skewness,Unique,N Outliers (3xIQR),Inferred Type
AL_1,294,89.97,0.028382,0.00234,0.088446,0.0,0.00054,0.016733,0.886988,6.1975,293,29,"probability/score [0,1]"
AL_2,294,89.97,0.029689,0.002056,0.095447,0.0,3.8e-05,0.014765,0.852892,5.8628,293,30,"probability/score [0,1]"
AL_3,294,89.97,0.027,0.001711,0.091326,0.0,4.9e-05,0.01035,0.89613,6.8973,293,48,"probability/score [0,1]"
AL_4,294,89.97,0.030877,0.000904,0.105621,0.0,1e-06,0.011973,0.928902,5.8146,292,39,"probability/score [0,1]"
AL_5,294,89.97,0.028333,0.0018,0.094132,0.0,7e-06,0.015161,0.900001,6.6063,292,29,"probability/score [0,1]"
AL_6,294,89.97,0.031484,0.0009,0.09826,0.0,1e-06,0.01408,0.910315,5.6742,292,38,"probability/score [0,1]"
AL_7,1787,39.03,0.011228,0.000281,0.041578,0.0,1.2e-05,0.006438,0.902718,13.2465,1783,220,"probability/score [0,1]"
AL_8,1787,39.03,0.01203,0.000243,0.041318,0.0,2e-06,0.007232,0.860701,11.1437,1787,223,"probability/score [0,1]"
AL_9,1787,39.03,0.011807,0.000332,0.040883,0.0,4e-06,0.00705,0.897708,13.7124,1784,239,"probability/score [0,1]"
AL_10,1787,39.03,0.011977,0.000155,0.04146,0.0,0.0,0.00655,0.900005,12.6441,1787,247,"probability/score [0,1]"
AL_11,1787,39.03,0.012095,0.00018,0.044389,0.0,1e-06,0.007736,0.902605,12.6666,1787,222,"probability/score [0,1]"
AL_12,1787,39.03,0.012095,0.000151,0.043898,0.0,0.0,0.006207,0.9,12.1266,1787,247,"probability/score [0,1]"
AL_13,1787,39.03,0.011155,0.000234,0.042202,0.0,8e-06,0.005369,0.901363,13.11,1786,240,"probability/score [0,1]"
AL_14,1787,39.03,0.010902,0.000265,0.041147,0.0,1.4e-05,0.005522,0.897661,13.1092,1785,231,"probability/score [0,1]"
AL_15,1787,39.03,0.011714,0.000133,0.04263,0.0,5e-06,0.006075,0.906845,11.8627,1786,247,"probability/score [0,1]"
AL_16,1056,63.97,0.013827,0.000492,0.051115,0.0,3.6e-05,0.007464,0.88839,10.9294,1056,132,"probability/score [0,1]"
AL_17,1056,63.97,0.014678,0.000521,0.052609,0.0,2.2e-05,0.007778,0.870586,9.5602,1056,135,"probability/score [0,1]"
AL_18,1056,63.97,0.013433,0.000168,0.051506,0.0,0.0,0.006803,0.901848,10.5575,1056,134,"probability/score [0,1]"
AL_19,1056,63.97,0.013088,0.00034,0.050876,0.0,5e-06,0.006281,0.895862,11.5643,1056,149,"probability/score [0,1]"
AL_20,1055,64.01,0.013813,0.000195,0.05198,0.0,0.0,0.006919,0.900468,11.0136,1055,136,"probability/score [0,1]"
AL_21,1055,64.01,0.013983,0.000247,0.057891,0.0,1e-06,0.006579,0.900974,10.336,1055,138,"probability/score [0,1]"
AL_22,1055,64.01,0.013671,0.000247,0.054327,0.0,0.0,0.006343,0.924442,10.9464,1055,140,"probability/score [0,1]"
AL_23,1056,63.97,0.013926,0.000398,0.052938,0.0,2.9e-05,0.008056,0.89982,11.1076,1053,128,"probability/score [0,1]"
AL_24,1055,64.01,0.013458,0.000441,0.050156,0.0,0.0,0.006517,0.894802,11.0463,1054,142,"probability/score [0,1]"
AL_25,1055,64.01,0.013271,0.000187,0.053631,0.0,0.0,0.004807,0.9,10.1798,1055,155,"probability/score [0,1]"
AL_26,1846,37.02,0.014779,0.00087,0.055677,0.0,5.3e-05,0.008687,0.900165,9.724,1843,200,"probability/score [0,1]"
AL_27,252,91.4,0.580438,1.0,0.492152,0.0,0.0,1.0,1.0,-0.3292,6,0,"probability/score [0,1]"
AL_28,252,91.4,0.025095,0.002158,0.077831,7.4e-05,0.000539,0.017477,0.891578,7.3051,251,22,"probability/score [0,1]"
AL_29,252,91.4,0.589201,1.0,0.490086,0.0,0.0,1.0,1.0,-0.3646,5,0,"probability/score [0,1]"
AL_30,252,91.4,0.02563,0.001629,0.090067,0.0,6e-06,0.012138,0.863641,6.4733,252,26,"probability/score [0,1]"
AL_31,252,91.4,0.511354,0.750346,0.492304,0.0,0.0,1.0,1.0,-0.0406,14,0,"probability/score [0,1]"
AL_32,252,91.4,0.020615,0.001332,0.077365,0.0,3e-06,0.010001,0.911791,8.4828,251,26,"probability/score [0,1]"
AL_33,252,91.4,0.50386,0.561644,0.494133,0.0,0.0,1.0,1.0,-0.0132,13,0,"probability/score [0,1]"
AL_34,252,91.4,0.020347,0.00031,0.082318,0.0,1e-06,0.005179,0.904552,7.8035,252,40,"probability/score [0,1]"
AL_35,252,91.4,0.533367,1.0,0.494316,0.0,0.0,1.0,1.0,-0.1299,10,0,"probability/score [0,1]"
AL_36,252,91.4,0.021512,0.001569,0.08053,0.0,4.7e-05,0.010854,0.900093,7.7653,252,23,"probability/score [0,1]"
AL_37,252,91.4,0.568973,1.0,0.488756,0.0,0.0,1.0,1.0,-0.28,12,0,"probability/score [0,1]"
AL_38,252,91.4,0.024447,0.000923,0.08205,0.0,1e-06,0.014633,0.900011,7.0581,250,22,"probability/score [0,1]"
AL_39,1514,48.35,0.514679,1.0,0.499741,0.0,0.0,1.0,1.0,-0.0588,4,0,"probability/score [0,1]"
AL_40,1514,48.35,0.011578,0.000373,0.038856,0.0,2e-06,0.006839,0.943771,13.5483,1514,200,"probability/score [0,1]"
AL_41,1514,48.35,0.988111,1.0,0.108423,0.0,1.0,1.0,1.0,-9.0158,2,18,"probability/score [0,1]"
AL_42,1514,48.35,0.498679,0.0,0.500163,0.0,0.0,1.0,1.0,0.0053,2,0,"probability/score [0,1]"
AL_43,1514,48.35,0.009977,0.000214,0.036382,0.0,1e-06,0.005565,0.863194,13.5366,1514,192,"probability/score [0,1]"
AL_44,1514,48.35,0.989432,1.0,0.10229,0.0,1.0,1.0,1.0,-9.5821,2,16,"probability/score [0,1]"
AL_45,1514,48.35,0.479079,0.105109,0.490538,0.0,0.0,1.0,1.0,0.0827,83,0,"probability/score [0,1]"
AL_46,1514,48.35,0.012791,0.00024,0.040569,0.0,0.0,0.008474,0.857164,11.7917,1514,200,"probability/score [0,1]"
AL_47,1514,48.35,0.982157,1.0,0.131321,0.0,1.0,1.0,1.0,-7.2901,4,28,"probability/score [0,1]"
AL_48,1514,48.35,0.502033,0.717167,0.498534,0.0,0.0,1.0,1.0,-0.0086,15,0,"probability/score [0,1]"
AL_49,1514,48.35,0.009136,0.00014,0.037328,0.0,0.0,0.004266,0.9,15.0979,1514,198,"probability/score [0,1]"
AL_50,1514,48.35,0.823347,1.0,0.381286,0.0,1.0,1.0,1.0,-1.6975,3,268,"probability/score [0,1]"
AL_51,1514,48.35,0.501151,0.740551,0.499221,0.0,0.0,1.0,1.0,-0.005,10,0,"probability/score [0,1]"
AL_52,1514,48.35,0.010453,0.000139,0.038637,0.0,0.0,0.005996,0.900006,14.0235,1514,181,"probability/score [0,1]"
AL_53,1514,48.35,0.811539,1.0,0.390713,0.0,1.0,1.0,1.0,-1.5951,6,287,"probability/score [0,1]"
AL_54,1514,48.35,0.498679,0.0,0.500163,0.0,0.0,1.0,1.0,0.0053,2,0,"probability/score [0,1]"
AL_55,1514,48.35,0.010227,0.000227,0.038115,0.0,1.2e-05,0.005219,0.92503,14.2087,1514,197,"probability/score [0,1]"
AL_56,1514,48.35,0.906209,1.0,0.291634,0.0,1.0,1.0,1.0,-2.7894,2,142,"probability/score [0,1]"
AL_57,1514,48.35,0.507241,0.854369,0.497111,0.0,0.0,1.0,1.0,-0.0298,29,0,"probability/score [0,1]"
AL_58,1514,48.35,0.010573,0.000273,0.035372,0.0,0.0,0.006553,0.885813,13.6553,1514,186,"probability/score [0,1]"
AL_59,1514,48.35,0.948481,1.0,0.221127,0.0,1.0,1.0,1.0,-4.0617,2,78,"probability/score [0,1]"
AL_60,1514,48.35,0.513589,1.0,0.499284,0.0,0.0,1.0,1.0,-0.0544,8,0,"probability/score [0,1]"
AL_61,1514,48.35,0.00848,0.000162,0.034873,0.0,0.0,0.003556,0.913457,16.3401,1514,208,"probability/score [0,1]"
AL_62,1514,48.35,0.974092,1.0,0.157922,0.0,1.0,1.0,1.0,-5.9653,4,40,"probability/score [0,1]"
AL_63,1514,48.35,0.533591,1.0,0.498643,0.0,0.0,1.0,1.0,-0.1343,6,0,"probability/score [0,1]"
AL_64,1514,48.35,0.009727,0.000345,0.03556,0.0,1e-06,0.005954,0.897416,14.9244,1514,185,"probability/score [0,1]"
AL_65,1514,48.35,0.913043,1.0,0.2816,0.0,1.0,1.0,1.0,-2.9336,3,132,"probability/score [0,1]"
AL_66,1514,48.35,0.488867,0.18945,0.494274,0.0,0.0,1.0,1.0,0.0445,50,0,"probability/score [0,1]"
AL_67,1514,48.35,0.009874,0.000119,0.035112,0.0,0.0,0.005586,0.900003,15.0054,1514,210,"probability/score [0,1]"
AL_68,1514,48.35,0.816329,1.0,0.386744,0.0,1.0,1.0,1.0,-1.6347,6,280,"probability/score [0,1]"
AL_69,1514,48.35,0.503859,0.801705,0.49835,0.0,0.0,1.0,1.0,-0.0159,18,0,"probability/score [0,1]"
AL_70,1514,48.35,0.010517,0.000169,0.03712,0.0,0.0,0.00516,0.900001,13.22,1514,207,"probability/score [0,1]"
AL_71,1514,48.35,0.898421,1.0,0.301346,0.0,1.0,1.0,1.0,-2.6395,6,156,"probability/score [0,1]"
AL_72,1514,48.35,0.523118,1.0,0.49963,0.0,0.0,1.0,1.0,-0.0927,2,0,"probability/score [0,1]"
AL_73,1514,48.35,0.0094,0.000309,0.036643,0.0,2.1e-05,0.004797,0.89403,14.9092,1514,197,"probability/score [0,1]"
AL_74,1514,48.35,0.942536,1.0,0.232803,0.0,1.0,1.0,1.0,-3.8068,2,87,"probability/score [0,1]"
AL_75,1197,59.16,0.505943,1.0,0.499976,0.0,0.0,1.0,1.0,-0.024,3,0,"probability/score [0,1]"
AL_76,1197,59.16,0.012641,0.000255,0.044154,0.0,9e-06,0.007513,0.858424,11.0672,1197,144,"probability/score [0,1]"
AL_77,1197,59.16,0.760234,1.0,0.427119,0.0,1.0,1.0,1.0,-1.2206,2,287,"probability/score [0,1]"
AL_78,1197,59.16,0.532164,1.0,0.499173,0.0,0.0,1.0,1.0,-0.1291,2,0,"probability/score [0,1]"
AL_79,1197,59.16,0.010166,0.0003,0.039118,2e-06,1.8e-05,0.005243,0.898817,13.8509,1195,151,"probability/score [0,1]"
AL_80,1197,59.16,1.0,1.0,0.0,1.0,1.0,1.0,1.0,0.0,1,0,"probability/score [0,1]"
AL_81,1197,59.16,0.518659,1.0,0.499663,0.0,0.0,1.0,1.0,-0.0749,4,0,"probability/score [0,1]"
AL_82,1197,59.16,0.009978,0.000183,0.039013,0.0,1.1e-05,0.004508,0.902748,14.6376,1195,172,"probability/score [0,1]"
AL_83,1197,59.16,0.747703,1.0,0.434513,0.0,0.0,1.0,1.0,-1.142,2,0,"probability/score [0,1]"
AL_84,1197,59.16,0.524915,1.0,0.498852,0.0,0.0,1.0,1.0,-0.1,8,0,"probability/score [0,1]"
AL_85,1197,59.16,0.010784,0.000159,0.041639,0.0,0.0,0.005489,0.906461,13.7261,1196,156,"probability/score [0,1]"
AL_86,1197,59.16,0.569758,1.0,0.495317,0.0,0.0,1.0,1.0,-0.2821,2,0,"probability/score [0,1]"
AL_87,1197,59.16,0.538248,1.0,0.498573,0.0,0.0,1.0,1.0,-0.1533,3,0,"probability/score [0,1]"
AL_88,1197,59.16,0.010345,0.0002,0.040933,0.0,1.3e-05,0.004997,0.899835,13.6038,1193,163,"probability/score [0,1]"
AL_89,1197,59.16,0.878864,1.0,0.326422,0.0,1.0,1.0,1.0,-2.3252,2,145,"probability/score [0,1]"
AL_90,1197,59.16,0.546303,1.0,0.497944,0.0,0.0,1.0,1.0,-0.1864,4,0,"probability/score [0,1]"
AL_91,1197,59.16,0.009419,0.000291,0.038601,0.0,1.9e-05,0.004242,0.895897,14.3083,1196,157,"probability/score [0,1]"
AL_92,1197,59.16,0.718463,1.0,0.449937,0.0,0.0,1.0,1.0,-0.9727,2,0,"probability/score [0,1]"
AL_93,1197,59.16,0.521303,1.0,0.499755,0.0,0.0,1.0,1.0,-0.0854,2,0,"probability/score [0,1]"
AL_94,1197,59.16,0.013195,0.000626,0.05268,4e-06,6e-05,0.007152,0.9,10.1309,1195,125,"probability/score [0,1]"
AL_95,1197,59.16,0.955723,1.0,0.205797,0.0,1.0,1.0,1.0,-4.4363,2,53,"probability/score [0,1]"
AL_96,1197,59.16,0.484271,0.0,0.496524,0.0,0.0,1.0,1.0,0.0623,23,0,"probability/score [0,1]"
AL_97,1197,59.16,0.011284,0.000195,0.041227,0.0,0.0,0.006194,0.900114,12.5649,1197,154,"probability/score [0,1]"
AL_98,1197,59.16,0.566463,1.0,0.495192,0.0,0.0,1.0,1.0,-0.2686,6,0,"probability/score [0,1]"
AL_99,1486,49.3,0.502019,1.0,0.500164,0.0,0.0,1.0,1.0,-0.0081,2,0,"probability/score [0,1]"
AL_100,1486,49.3,0.011882,0.00036,0.039352,0.0,9e-06,0.007665,0.859593,11.8435,1486,181,"probability/score [0,1]"
AL_101,1486,49.3,1.0,1.0,0.0,1.0,1.0,1.0,1.0,0.0,1,0,"probability/score [0,1]"
AL_102,1486,49.3,0.532974,1.0,0.499079,0.0,0.0,1.0,1.0,-0.1323,2,0,"probability/score [0,1]"
AL_103,1486,49.3,0.009998,0.000245,0.036816,1e-06,1.1e-05,0.005562,0.911282,14.653,1484,187,"probability/score [0,1]"
AL_104,1486,49.3,1.0,1.0,0.0,1.0,1.0,1.0,1.0,0.0,1,0,"probability/score [0,1]"
AL_105,1486,49.3,0.505315,0.679901,0.494942,0.0,0.0,1.0,1.0,-0.0219,47,0,"probability/score [0,1]"
AL_106,1486,49.3,0.010348,8.2e-05,0.037462,0.0,0.0,0.005493,0.9,13.558,1486,208,"probability/score [0,1]"
AL_107,1486,49.3,1.0,1.0,0.0,1.0,1.0,1.0,1.0,0.0,1,0,"probability/score [0,1]"
AL_108,1486,49.3,0.518929,1.0,0.499259,0.0,0.0,1.0,1.0,-0.0757,7,0,"probability/score [0,1]"
AL_109,1486,49.3,0.011176,0.000196,0.037886,0.0,2e-06,0.005864,0.89973,13.3472,1486,208,"probability/score [0,1]"
AL_110,1486,49.3,1.0,1.0,0.0,1.0,1.0,1.0,1.0,0.0,1,0,"probability/score [0,1]"
AL_111,1486,49.3,0.536339,1.0,0.498846,0.0,0.0,1.0,1.0,-0.1459,2,0,"probability/score [0,1]"
AL_112,1486,49.3,0.009623,0.000228,0.037953,0.0,1.1e-05,0.00579,0.939466,15.1979,1486,166,"probability/score [0,1]"
AL_113,1486,49.3,1.0,1.0,0.0,1.0,1.0,1.0,1.0,0.0,1,0,"probability/score [0,1]"
AL_114,1486,49.3,0.51566,1.0,0.499683,0.0,0.0,1.0,1.0,-0.0625,5,0,"probability/score [0,1]"
AL_115,1486,49.3,0.010087,0.000186,0.037687,0.0,9e-06,0.00457,0.899461,14.0857,1486,206,"probability/score [0,1]"
AL_116,1486,49.3,1.0,1.0,0.0,1.0,1.0,1.0,1.0,0.0,1,0,"probability/score [0,1]"
AL_117,1486,49.3,0.509436,1.0,0.499818,0.0,0.0,1.0,1.0,-0.0378,4,0,"probability/score [0,1]"
AL_118,1486,49.3,0.009154,0.000162,0.035767,0.0,6e-06,0.003988,0.905541,15.7926,1486,209,"probability/score [0,1]"
AL_119,1486,49.3,1.0,1.0,0.0,1.0,1.0,1.0,1.0,0.0,1,0,"probability/score [0,1]"
AL_120,1486,49.3,0.51817,1.0,0.499838,0.0,0.0,1.0,1.0,-0.0728,2,0,"probability/score [0,1]"
AL_121,1486,49.3,0.00973,0.000181,0.037542,0.0,8e-06,0.004698,0.907245,14.4483,1484,192,"probability/score [0,1]"
AL_122,1486,49.3,1.0,1.0,0.0,1.0,1.0,1.0,1.0,0.0,1,0,"probability/score [0,1]"
AL_123,1486,49.3,0.524193,1.0,0.497384,0.0,0.0,1.0,1.0,-0.0958,26,0,"probability/score [0,1]"
AL_124,1486,49.3,0.010823,0.00024,0.03849,0.0,7e-06,0.005907,0.870833,12.33,1486,186,"probability/score [0,1]"
AL_125,1486,49.3,1.0,1.0,0.0,1.0,1.0,1.0,1.0,0.0,1,0,"probability/score [0,1]"
AL_126,1486,49.3,0.541573,1.0,0.497557,0.0,0.0,1.0,1.0,-0.1667,9,0,"probability/score [0,1]"
AL_127,1486,49.3,0.009373,0.000189,0.035524,0.0,7e-06,0.005007,0.898563,15.9464,1486,200,"probability/score [0,1]"
AL_128,1486,49.3,1.0,1.0,0.0,1.0,1.0,1.0,1.0,0.0,1,0,"probability/score [0,1]"
AL_129,1486,49.3,0.483808,0.130556,0.492585,0.0,0.0,1.0,1.0,0.0659,69,0,"probability/score [0,1]"
AL_130,1486,49.3,0.009776,0.000184,0.037585,0.0,5e-06,0.004284,0.899926,14.1065,1486,217,"probability/score [0,1]"
AL_131,1486,49.3,1.0,1.0,0.0,1.0,1.0,1.0,1.0,0.0,1,0,"probability/score [0,1]"
AL_132,1486,49.3,0.52845,1.0,0.499223,0.0,0.0,1.0,1.0,-0.1139,3,0,"probability/score [0,1]"
AL_133,1486,49.3,0.009903,0.000199,0.038614,0.0,8e-06,0.004617,0.951568,14.8642,1486,203,"probability/score [0,1]"
AL_134,1486,49.3,1.0,1.0,0.0,1.0,1.0,1.0,1.0,0.0,1,0,"probability/score [0,1]"
AL_135,1486,49.3,0.555182,1.0,0.497113,0.0,0.0,1.0,1.0,-0.2223,2,0,"probability/score [0,1]"
AL_136,1486,49.3,0.011445,0.000233,0.039447,0.0,7e-06,0.006272,0.865504,12.0291,1486,202,"probability/score [0,1]"
AL_137,1486,49.3,1.0,1.0,0.0,1.0,1.0,1.0,1.0,0.0,1,0,"probability/score [0,1]"
AL_138,1486,49.3,0.515478,1.0,0.499929,0.0,0.0,1.0,1.0,-0.062,2,0,"probability/score [0,1]"
AL_139,1486,49.3,0.009449,0.000202,0.036387,0.0,6e-06,0.005131,0.9079,16.1751,1486,191,"probability/score [0,1]"
AL_140,1486,49.3,1.0,1.0,0.0,1.0,1.0,1.0,1.0,0.0,1,0,"probability/score [0,1]"
AL_141,1486,49.3,0.519642,1.0,0.499294,0.0,0.0,1.0,1.0,-0.0791,7,0,"probability/score [0,1]"
AL_142,1486,49.3,0.009977,0.000171,0.037671,0.0,3e-06,0.004653,0.899731,13.4021,1486,201,"probability/score [0,1]"
AL_143,1486,49.3,1.0,1.0,0.0,1.0,1.0,1.0,1.0,0.0,1,0,"probability/score [0,1]"
AL_144,1486,49.3,0.537012,1.0,0.498796,0.0,0.0,1.0,1.0,-0.1486,2,0,"probability/score [0,1]"
AL_145,1486,49.3,0.01064,0.000213,0.038013,0.0,8e-06,0.007134,0.89955,13.9221,1486,172,"probability/score [0,1]"
AL_146,1486,49.3,1.0,1.0,0.0,1.0,1.0,1.0,1.0,0.0,1,0,"probability/score [0,1]"
AL_147,1486,49.3,0.525982,1.0,0.498766,0.0,0.0,1.0,1.0,-0.1045,7,0,"probability/score [0,1]"
AL_148,1486,49.3,0.010307,0.000256,0.038021,0.0,7e-06,0.005275,0.898922,14.3641,1486,205,"probability/score [0,1]"
AL_149,1486,49.3,1.0,1.0,0.0,1.0,1.0,1.0,1.0,0.0,1,0,"probability/score [0,1]"
AL_150,1486,49.3,0.526147,1.0,0.49781,0.0,0.0,1.0,1.0,-0.1047,14,0,"probability/score [0,1]"
AL_151,1486,49.3,0.01067,0.000326,0.036894,0.0,7e-06,0.006189,0.899789,13.6513,1486,177,"probability/score [0,1]"
AL_152,1486,49.3,1.0,1.0,0.0,1.0,1.0,1.0,1.0,0.0,1,0,"probability/score [0,1]"
AL_153,1486,49.3,0.512786,1.0,0.500005,0.0,0.0,1.0,1.0,-0.0512,2,0,"probability/score [0,1]"
AL_154,1486,49.3,0.008547,0.00014,0.035041,0.0,5e-06,0.003616,0.89802,16.61,1486,215,"probability/score [0,1]"
AL_155,1486,49.3,1.0,1.0,0.0,1.0,1.0,1.0,1.0,0.0,1,0,"probability/score [0,1]"
AL_156,1486,49.3,0.518792,1.0,0.499484,0.0,0.0,1.0,1.0,-0.0753,6,0,"probability/score [0,1]"
AL_157,1486,49.3,0.011721,0.000312,0.039435,0.0,8e-06,0.006603,0.85968,11.7904,1486,197,"probability/score [0,1]"
AL_158,1486,49.3,1.0,1.0,0.0,1.0,1.0,1.0,1.0,0.0,1,0,"probability/score [0,1]"
AL_159,1486,49.3,0.505645,1.0,0.499876,0.0,0.0,1.0,1.0,-0.0227,5,0,"probability/score [0,1]"
AL_160,1486,49.3,0.009994,0.0002,0.037257,0.0,8e-06,0.005247,0.899795,14.3485,1486,188,"probability/score [0,1]"
AL_161,1486,49.3,1.0,1.0,0.0,1.0,1.0,1.0,1.0,0.0,1,0,"probability/score [0,1]"
AL_162,1486,49.3,0.508581,1.0,0.499763,0.0,0.0,1.0,1.0,-0.0339,5,0,"probability/score [0,1]"
AL_163,1486,49.3,0.009991,0.00019,0.036397,0.0,7e-06,0.005336,0.89973,13.9564,1486,196,"probability/score [0,1]"
AL_164,1486,49.3,1.0,1.0,0.0,1.0,1.0,1.0,1.0,0.0,1,0,"probability/score [0,1]"
AL_165,1486,49.3,0.522025,1.0,0.499506,0.0,0.0,1.0,1.0,-0.0884,4,0,"probability/score [0,1]"
AL_166,1486,49.3,0.010152,0.000199,0.03642,0.0,9e-06,0.005564,0.899906,13.9855,1486,188,"probability/score [0,1]"
AL_167,1486,49.3,1.0,1.0,0.0,1.0,1.0,1.0,1.0,0.0,1,0,"probability/score [0,1]"
AL_168,1486,49.3,0.513877,1.0,0.498966,0.0,0.0,1.0,1.0,-0.0565,12,0,"probability/score [0,1]"
AL_169,1486,49.3,0.01026,0.00022,0.036788,0.0,3e-06,0.005426,0.902868,14.5999,1486,198,"probability/score [0,1]"
AL_170,1486,49.3,1.0,1.0,0.0,1.0,1.0,1.0,1.0,0.0,1,0,"probability/score [0,1]"
AL_171,1486,49.3,0.517127,1.0,0.49967,0.0,0.0,1.0,1.0,-0.0683,4,0,"probability/score [0,1]"
AL_172,1486,49.3,0.008294,0.000164,0.034536,0.0,6e-06,0.004575,0.895951,16.7828,1486,177,"probability/score [0,1]"
AL_173,1486,49.3,1.0,1.0,0.0,1.0,1.0,1.0,1.0,0.0,1,0,"probability/score [0,1]"
AL_174,1486,49.3,0.52562,1.0,0.498173,0.0,0.0,1.0,1.0,-0.1034,13,0,"probability/score [0,1]"
AL_175,1486,49.3,0.011218,0.000219,0.040361,0.0,7e-06,0.006294,0.862152,12.1994,1486,198,"probability/score [0,1]"
AL_176,1486,49.3,1.0,1.0,0.0,1.0,1.0,1.0,1.0,0.0,1,0,"probability/score [0,1]"
AL_177,1486,49.3,0.503365,1.0,0.500157,0.0,0.0,1.0,1.0,-0.0135,2,0,"probability/score [0,1]"
AL_178,1486,49.3,0.009718,0.000202,0.036188,0.0,8e-06,0.004976,0.896564,14.8611,1486,189,"probability/score [0,1]"
AL_179,1486,49.3,1.0,1.0,0.0,1.0,1.0,1.0,1.0,0.0,1,0,"probability/score [0,1]"
AL_180,1486,49.3,0.525816,1.0,0.499321,0.0,0.0,1.0,1.0,-0.1032,4,0,"probability/score [0,1]"
AL_181,1486,49.3,0.01139,0.000307,0.038818,0.0,9e-06,0.006394,0.85878,12.1447,1486,209,"probability/score [0,1]"
AL_182,1486,49.3,1.0,1.0,0.0,1.0,1.0,1.0,1.0,0.0,1,0,"probability/score [0,1]"
AL_183,985,66.39,0.548223,1.0,0.497922,0.0,0.0,1.0,1.0,-0.1941,2,0,"probability/score [0,1]"
AL_184,985,66.39,0.010371,0.000278,0.042102,3e-06,2.4e-05,0.004395,0.886086,12.9567,984,138,"probability/score [0,1]"
AL_185,985,66.39,264690.0,264690.0,0.0,264690.0,264690.0,264690.0,264690.0,0.0,1,0,count/position-like
AL_186,2012,31.35,0.011452,0.000747,0.045246,0.0,6.3e-05,0.0065,0.9,11.9517,2012,219,"probability/score [0,1]"
AL_187,1041,64.48,0.529308,1.0,0.499292,0.0,0.0,1.0,1.0,-0.1176,4,0,"probability/score [0,1]"
AL_188,1041,64.48,0.010278,0.000286,0.041315,0.0,2.1e-05,0.005012,0.896742,13.7936,1041,135,"probability/score [0,1]"
AL_189,1041,64.48,0.518904,1.0,0.497187,0.0,0.0,1.0,1.0,-0.0789,17,0,"probability/score [0,1]"
AL_190,1041,64.48,0.012817,0.000286,0.046584,0.0,1e-06,0.007069,0.868157,10.8995,1041,135,"probability/score [0,1]"
AL_191,1041,64.48,1.0,1.0,0.0,1.0,1.0,1.0,1.0,0.0,1,0,"probability/score [0,1]"
AL_192,1041,64.48,0.478446,0.0,0.495536,0.0,0.0,1.0,1.0,0.0874,26,0,"probability/score [0,1]"
AL_193,1041,64.48,0.543064,1.0,0.497512,0.0,0.0,1.0,1.0,-0.1737,6,0,"probability/score [0,1]"
AL_194,1041,64.48,0.009151,0.000251,0.040607,0.0,1e-06,0.00405,0.897669,15.1887,1041,137,"probability/score [0,1]"
AL_195,1041,64.48,1.0,1.0,0.0,1.0,1.0,1.0,1.0,0.0,1,0,"probability/score [0,1]"
AL_196,1041,64.48,0.507519,1.0,0.498145,0.0,0.0,1.0,1.0,-0.0296,16,0,"probability/score [0,1]"
AL_197,1041,64.48,1.0,1.0,0.0,1.0,1.0,1.0,1.0,0.0,1,0,"probability/score [0,1]"
AL_198,1041,64.48,0.501505,0.546734,0.494421,0.0,0.0,1.0,1.0,-0.0059,40,0,"probability/score [0,1]"
AL_199,1041,64.48,0.011595,0.000298,0.042954,0.0,0.0,0.006306,0.900112,13.0187,1041,138,"probability/score [0,1]"
AL_200,1041,64.48,0.999039,1.0,0.030994,0.0,1.0,1.0,1.0,-32.2645,2,1,"probability/score [0,1]"
AL_201,1041,64.48,0.467689,0.202944,0.482265,0.0,0.0,1.0,1.0,0.126,98,0,"probability/score [0,1]"
AL_202,1041,64.48,0.505207,0.694391,0.49729,0.0,0.0,1.0,1.0,-0.0208,18,0,"probability/score [0,1]"
AL_203,1041,64.48,0.012327,0.000197,0.044393,0.0,0.0,0.006495,0.940026,13.1443,1038,150,"probability/score [0,1]"
AL_204,1041,64.48,0.999039,1.0,0.030994,0.0,1.0,1.0,1.0,-32.2645,2,1,"probability/score [0,1]"
AL_205,1041,64.48,0.501463,0.5313,0.495341,0.0,0.0,1.0,1.0,-0.0054,35,0,"probability/score [0,1]"
AL_206,1041,64.48,0.538746,1.0,0.497898,0.0,0.0,1.0,1.0,-0.1559,7,0,"probability/score [0,1]"
AL_207,1041,64.48,0.011077,0.000136,0.04337,0.0,0.0,0.005491,0.9,13.0012,1041,140,"probability/score [0,1]"
AL_208,1041,64.48,1.0,1.0,0.0,1.0,1.0,1.0,1.0,0.0,1,0,"probability/score [0,1]"
AL_209,1041,64.48,0.49978,0.506175,0.496391,0.0,0.0,1.0,1.0,0.0011,23,0,"probability/score [0,1]"
AL_210,1041,64.48,0.526631,1.0,0.499363,0.0,0.0,1.0,1.0,-0.1065,3,0,"probability/score [0,1]"
AL_211,1041,64.48,0.010912,0.00016,0.044195,0.0,2.1e-05,0.004926,0.904551,13.1884,1041,146,"probability/score [0,1]"
AL_212,1041,64.48,1.0,1.0,0.0,1.0,1.0,1.0,1.0,0.0,1,0,"probability/score [0,1]"
AL_213,1041,64.48,0.489236,0.0,0.499693,0.0,0.0,1.0,1.0,0.0426,4,0,"probability/score [0,1]"
AL_214,752,74.34,0.547825,1.0,0.497949,0.0,0.0,1.0,1.0,-0.1927,4,0,"probability/score [0,1]"
AL_215,752,74.34,0.017661,0.000985,0.064704,2.1e-05,0.000143,0.009178,0.900214,8.4099,752,83,"probability/score [0,1]"
AL_216,752,74.34,0.99867,1.0,0.036466,0.0,1.0,1.0,1.0,-27.4226,2,1,"probability/score [0,1]"
AL_217,752,74.34,0.507895,1.0,0.499339,0.0,0.0,1.0,1.0,-0.0324,7,0,"probability/score [0,1]"
AL_218,1041,64.48,0.494837,0.0,0.499809,0.0,0.0,1.0,1.0,0.0205,4,0,"probability/score [0,1]"
AL_219,1041,64.48,0.011329,0.000265,0.042967,0.0,1e-06,0.005752,0.9,12.4092,1039,135,"probability/score [0,1]"
AL_220,1041,64.48,1.0,1.0,0.0,1.0,1.0,1.0,1.0,0.0,1,0,"probability/score [0,1]"
AL_221,1041,64.48,0.51873,1.0,0.498405,0.0,0.0,1.0,1.0,-0.0742,11,0,"probability/score [0,1]"
AL_222,1041,64.48,0.522149,1.0,0.499433,0.0,0.0,1.0,1.0,-0.0895,5,0,"probability/score [0,1]"
AL_223,1041,64.48,0.5064,1.0,0.500068,0.0,0.0,1.0,1.0,-0.0253,3,0,"probability/score [0,1]"
AL_224,1041,64.48,0.010841,0.000381,0.042346,0.0,2.7e-05,0.00551,0.896887,13.1358,1041,136,"probability/score [0,1]"
AL_225,1041,64.48,0.511164,1.0,0.499663,0.0,0.0,1.0,1.0,-0.045,5,0,"probability/score [0,1]"
AL_226,1041,64.48,0.012392,0.000363,0.045701,0.0,3e-06,0.005901,0.85633,11.1079,1041,146,"probability/score [0,1]"
AL_227,1041,64.48,0.999039,1.0,0.030994,0.0,1.0,1.0,1.0,-32.2645,2,1,"probability/score [0,1]"
AL_228,1041,64.48,0.513334,1.0,0.497713,0.0,0.0,1.0,1.0,-0.0507,16,0,"probability/score [0,1]"
AL_229,1041,64.48,0.511787,1.0,0.499626,0.0,0.0,1.0,1.0,-0.0466,5,0,"probability/score [0,1]"
AL_230,1041,64.48,0.00918,0.000307,0.040522,0.0,9e-06,0.004398,0.902772,15.3176,1041,124,"probability/score [0,1]"
AL_231,1041,64.48,1.0,1.0,0.0,1.0,1.0,1.0,1.0,0.0,1,0,"probability/score [0,1]"
AL_232,1041,64.48,0.489,0.0,0.499041,0.0,0.0,1.0,1.0,0.0443,8,0,"probability/score [0,1]"
AL_233,1041,64.48,1.0,1.0,0.0,1.0,1.0,1.0,1.0,0.0,1,0,"probability/score [0,1]"
AL_234,1041,64.48,0.529558,1.0,0.49822,0.0,0.0,1.0,1.0,-0.1187,8,0,"probability/score [0,1]"
AL_235,1041,64.48,0.011304,0.000294,0.043794,0.0,1e-06,0.005692,0.934464,13.2363,1041,138,"probability/score [0,1]"
AL_236,1041,64.48,1.0,1.0,0.0,1.0,1.0,1.0,1.0,0.0,1,0,"probability/score [0,1]"
AL_237,1041,64.48,0.510324,0.914937,0.496281,0.0,0.0,1.0,1.0,-0.0425,25,0,"probability/score [0,1]"
AL_238,1041,64.48,0.493301,0.0,0.498825,0.0,0.0,1.0,1.0,0.0276,10,0,"probability/score [0,1]"
AL_239,1041,64.48,0.01156,0.000169,0.043756,0.0,1e-06,0.006656,0.899847,12.8204,1041,126,"probability/score [0,1]"
AL_240,1041,64.48,0.999039,1.0,0.030994,0.0,1.0,1.0,1.0,-32.2645,2,1,"probability/score [0,1]"
AL_241,1041,64.48,0.516723,1.0,0.497537,0.0,0.0,1.0,1.0,-0.0659,17,0,"probability/score [0,1]"
AL_242,1041,64.48,0.498603,0.061389,0.499587,0.0,0.0,1.0,1.0,0.0051,6,0,"probability/score [0,1]"
AL_243,1041,64.48,0.011499,0.00013,0.044653,0.0,0.0,0.005094,0.900022,12.8156,1041,149,"probability/score [0,1]"
AL_244,1041,64.48,1.0,1.0,0.0,1.0,1.0,1.0,1.0,0.0,1,0,"probability/score [0,1]"
AL_245,1041,64.48,0.514046,1.0,0.497714,0.0,0.0,1.0,1.0,-0.0574,14,0,"probability/score [0,1]"
AL_246,1041,64.48,0.50048,1.0,0.50024,0.0,0.0,1.0,1.0,-0.0019,2,0,"probability/score [0,1]"
AL_247,1041,64.48,0.011295,0.000294,0.043741,0.0,1.8e-05,0.005823,0.899836,12.8213,1041,136,"probability/score [0,1]"
AL_248,1041,64.48,1.0,1.0,0.0,1.0,1.0,1.0,1.0,0.0,1,0,"probability/score [0,1]"
AL_249,1041,64.48,0.513808,1.0,0.499406,0.0,0.0,1.0,1.0,-0.0539,6,0,"probability/score [0,1]"
AL_250,991,66.19,0.554751,1.0,0.496341,0.0,0.0,1.0,1.0,-0.2203,6,0,"probability/score [0,1]"
AL_251,991,66.19,0.014391,0.000708,0.057124,9e-06,7.9e-05,0.007031,0.9,9.5037,991,113,"probability/score [0,1]"
AL_252,991,66.19,0.998991,1.0,0.031766,0.0,1.0,1.0,1.0,-31.4802,2,1,"probability/score [0,1]"
AL_253,991,66.19,0.496468,0.0,0.50024,0.0,0.0,1.0,1.0,0.0141,2,0,"probability/score [0,1]"
AL_254,1041,64.48,0.511541,1.0,0.499087,0.0,0.0,1.0,1.0,-0.0457,8,0,"probability/score [0,1]"
AL_255,1041,64.48,0.01129,0.000165,0.043615,0.0,3e-06,0.005371,0.900303,11.9852,1041,140,"probability/score [0,1]"
AL_256,1041,64.48,1.0,1.0,0.0,1.0,1.0,1.0,1.0,0.0,1,0,"probability/score [0,1]"
AL_257,1041,64.48,0.485775,0.0,0.4991,0.0,0.0,1.0,1.0,0.0568,12,0,"probability/score [0,1]"
AL_258,1041,64.48,0.489914,0.0,0.500139,0.0,0.0,1.0,1.0,0.0404,2,0,"probability/score [0,1]"
AL_259,1041,64.48,0.534102,1.0,0.499075,0.0,0.0,1.0,1.0,-0.1369,2,0,"probability/score [0,1]"
AL_260,1041,64.48,0.010292,0.000281,0.041926,0.0,2.3e-05,0.004796,0.896373,13.1901,1041,124,"probability/score [0,1]"
AL_261,1041,64.48,0.502566,1.0,0.499451,0.0,0.0,1.0,1.0,-0.0098,8,0,"probability/score [0,1]"
AL_262,1041,64.48,0.013162,0.000333,0.045951,0.0,3e-06,0.006955,0.856351,10.7662,1041,150,"probability/score [0,1]"
AL_263,1041,64.48,1.0,1.0,0.0,1.0,1.0,1.0,1.0,0.0,1,0,"probability/score [0,1]"
AL_264,1041,64.48,0.488674,0.0,0.498674,0.0,0.0,1.0,1.0,0.0459,10,0,"probability/score [0,1]"
AL_265,1041,64.48,0.546549,1.0,0.497311,0.0,0.0,1.0,1.0,-0.1882,7,0,"probability/score [0,1]"
AL_266,1041,64.48,0.00876,0.000178,0.039916,0.0,3e-06,0.003983,0.898012,15.6918,1041,132,"probability/score [0,1]"
AL_267,1041,64.48,0.999039,1.0,0.030994,0.0,1.0,1.0,1.0,-32.2645,2,1,"probability/score [0,1]"
AL_268,1041,64.48,0.52242,1.0,0.498216,0.0,0.0,1.0,1.0,-0.089,12,0,"probability/score [0,1]"
AL_269,1041,64.48,0.999039,1.0,0.030994,0.0,1.0,1.0,1.0,-32.2645,2,1,"probability/score [0,1]"
AL_270,1041,64.48,0.527986,1.0,0.498198,0.0,0.0,1.0,1.0,-0.1126,11,0,"probability/score [0,1]"
AL_271,1041,64.48,0.012275,0.000271,0.045243,0.0,0.0,0.006913,0.987412,13.4343,1041,130,"probability/score [0,1]"
AL_272,1041,64.48,1.0,1.0,0.0,1.0,1.0,1.0,1.0,0.0,1,0,"probability/score [0,1]"
AL_273,1041,64.48,0.462422,0.0,0.492479,0.0,0.0,1.0,1.0,0.1521,43,0,"probability/score [0,1]"
AL_274,1041,64.48,0.555868,1.0,0.496459,0.0,0.0,1.0,1.0,-0.2258,6,0,"probability/score [0,1]"
AL_275,1040,64.52,0.010621,0.000138,0.04311,0.0,0.0,0.004294,0.899797,13.3747,1040,164,"probability/score [0,1]"
AL_276,1041,64.48,1.0,1.0,0.0,1.0,1.0,1.0,1.0,0.0,1,0,"probability/score [0,1]"
AL_277,1041,64.48,0.492864,0.09048,0.496995,0.0,0.0,1.0,1.0,0.0292,19,0,"probability/score [0,1]"
AL_278,1041,64.48,0.539379,1.0,0.498305,0.0,0.0,1.0,1.0,-0.1591,5,0,"probability/score [0,1]"
AL_279,1041,64.48,0.011637,0.000235,0.043697,0.0,0.0,0.005682,0.900001,12.7664,1041,141,"probability/score [0,1]"
AL_280,1041,64.48,1.0,1.0,0.0,1.0,1.0,1.0,1.0,0.0,1,0,"probability/score [0,1]"
AL_281,1041,64.48,0.497051,0.179357,0.498681,0.0,0.0,1.0,1.0,0.0123,13,0,"probability/score [0,1]"
AL_282,1041,64.48,0.543708,1.0,0.498325,0.0,0.0,1.0,1.0,-0.1758,2,0,"probability/score [0,1]"
AL_283,1041,64.48,0.011533,0.000255,0.04352,0.0,2e-05,0.005678,0.899833,12.8505,1041,144,"probability/score [0,1]"
AL_284,1041,64.48,1.0,1.0,0.0,1.0,1.0,1.0,1.0,0.0,1,0,"probability/score [0,1]"
AL_285,1041,64.48,0.512553,1.0,0.499847,0.0,0.0,1.0,1.0,-0.0504,3,0,"probability/score [0,1]"
AL_286,979,66.6,0.556769,1.0,0.496717,0.0,0.0,1.0,1.0,-0.2289,4,0,"probability/score [0,1]"
AL_287,979,66.6,0.014687,0.000745,0.057168,1e-05,7.1e-05,0.006883,0.914701,9.611,978,128,"probability/score [0,1]"
AL_288,979,66.6,0.997957,1.0,0.045175,0.0,1.0,1.0,1.0,-22.0907,2,2,"probability/score [0,1]"
AL_289,979,66.6,0.495959,0.0,0.499412,0.0,0.0,1.0,1.0,0.0167,6,0,"probability/score [0,1]"
AL_290,1041,64.48,0.513156,1.0,0.499534,0.0,0.0,1.0,1.0,-0.0536,5,0,"probability/score [0,1]"
AL_291,1041,64.48,0.011842,0.000243,0.043365,0.0,7e-06,0.007046,0.9,12.2848,1041,127,"probability/score [0,1]"
AL_292,1041,64.48,1.0,1.0,0.0,1.0,1.0,1.0,1.0,0.0,1,0,"probability/score [0,1]"
AL_293,1041,64.48,0.514885,1.0,0.498623,0.0,0.0,1.0,1.0,-0.0604,9,0,"probability/score [0,1]"
AL_294,1041,64.48,0.507453,1.0,0.5,0.0,0.0,1.0,1.0,-0.0295,3,0,"probability/score [0,1]"
AL_295,1632,44.32,0.512255,1.0,0.500003,0.0,0.0,1.0,1.0,-0.0491,2,0,"probability/score [0,1]"
AL_296,1632,44.32,0.009572,0.000226,0.03562,1e-06,1e-05,0.005243,0.902495,14.7206,1632,199,"probability/score [0,1]"
AL_297,1632,44.32,0.537806,1.0,0.498342,0.0,0.0,1.0,1.0,-0.1515,7,0,"probability/score [0,1]"
AL_298,1632,44.32,0.011238,0.000323,0.03832,0.0,7e-06,0.006504,0.858818,12.1257,1632,212,"probability/score [0,1]"
AL_299,1632,44.32,1.0,1.0,0.0,1.0,1.0,1.0,1.0,0.0,1,0,"probability/score [0,1]"
AL_300,1632,44.32,0.504015,1.0,0.499778,0.0,0.0,1.0,1.0,-0.0165,7,0,"probability/score [0,1]"
AL_301,1632,44.32,0.464313,0.0224,0.486211,0.0,0.0,1.0,1.0,0.1409,128,0,"probability/score [0,1]"
AL_302,1632,44.32,0.010999,0.00013,0.037284,0.0,0.0,0.005983,0.900002,12.9279,1632,230,"probability/score [0,1]"
AL_303,1632,44.32,1.0,1.0,0.0,1.0,1.0,1.0,1.0,0.0,1,0,"probability/score [0,1]"
AL_304,1632,44.32,0.373658,0.007324,0.438975,0.0,0.0,0.985574,1.0,0.5115,425,0,"probability/score [0,1]"
AL_305,1632,44.32,0.496324,0.0,0.50014,0.0,0.0,1.0,1.0,0.0147,2,0,"probability/score [0,1]"
AL_306,1632,44.32,0.008364,0.000145,0.033695,0.0,2e-06,0.003806,0.905678,17.1043,1632,230,"probability/score [0,1]"
AL_307,1632,44.32,1.0,1.0,0.0,1.0,1.0,1.0,1.0,0.0,1,0,"probability/score [0,1]"
AL_308,1632,44.32,0.517892,1.0,0.499424,0.0,0.0,1.0,1.0,-0.0721,7,0,"probability/score [0,1]"
AL_309,1632,44.32,1.0,1.0,0.0,1.0,1.0,1.0,1.0,0.0,1,0,"probability/score [0,1]"
AL_310,1632,44.32,0.50727,1.0,0.49917,0.0,0.0,1.0,1.0,-0.0292,11,0,"probability/score [0,1]"
AL_311,1632,44.32,0.010275,0.000163,0.035995,0.0,0.0,0.005557,0.900154,14.1737,1632,220,"probability/score [0,1]"
AL_312,1632,44.32,1.0,1.0,0.0,1.0,1.0,1.0,1.0,0.0,1,0,"probability/score [0,1]"
AL_313,1632,44.32,0.501277,0.731125,0.499076,0.0,0.0,1.0,1.0,-0.0056,13,0,"probability/score [0,1]"
AL_314,1632,44.32,0.518294,1.0,0.49948,0.0,0.0,1.0,1.0,-0.0734,5,0,"probability/score [0,1]"
AL_315,1632,44.32,0.010592,0.000144,0.037645,0.0,1e-06,0.004981,0.899879,14.0616,1632,241,"probability/score [0,1]"
AL_316,1632,44.32,1.0,1.0,0.0,1.0,1.0,1.0,1.0,0.0,1,0,"probability/score [0,1]"
AL_317,1632,44.32,0.500611,0.538186,0.498892,0.0,0.0,1.0,1.0,-0.0024,13,0,"probability/score [0,1]"
AL_318,1632,44.32,0.498866,0.0,0.500074,0.0,0.0,1.0,1.0,0.0048,3,0,"probability/score [0,1]"
AL_319,1632,44.32,0.010996,0.000127,0.038205,0.0,0.0,0.004906,0.90017,13.087,1632,250,"probability/score [0,1]"
AL_320,1632,44.32,1.0,1.0,0.0,1.0,1.0,1.0,1.0,0.0,1,0,"probability/score [0,1]"
AL_321,1632,44.32,0.479203,0.0,0.498664,0.0,0.0,1.0,1.0,0.0834,10,0,"probability/score [0,1]"
AL_322,1632,44.32,0.510417,1.0,0.500045,0.0,0.0,1.0,1.0,-0.0417,2,0,"probability/score [0,1]"
AL_323,1632,44.32,0.010559,0.00024,0.036803,0.0,9e-06,0.006349,0.901643,14.0876,1632,198,"probability/score [0,1]"
AL_324,1632,44.32,1.0,1.0,0.0,1.0,1.0,1.0,1.0,0.0,1,0,"probability/score [0,1]"
AL_325,1632,44.32,0.493873,0.0,0.500116,0.0,0.0,1.0,1.0,0.0245,2,0,"probability/score [0,1]"
AL_326,1632,44.32,0.521446,1.0,0.499693,0.0,0.0,1.0,1.0,-0.0859,2,0,"probability/score [0,1]"
AL_327,1632,44.32,0.012024,0.000479,0.046882,0.0,3.4e-05,0.006268,0.902796,11.1577,1632,212,"probability/score [0,1]"
AL_328,1632,44.32,0.915441,1.0,0.278309,0.0,1.0,1.0,1.0,-2.9891,2,138,"probability/score [0,1]"
AL_329,1632,44.32,0.506663,1.0,0.499901,0.0,0.0,1.0,1.0,-0.0267,4,0,"probability/score [0,1]"
AL_330,1632,44.32,0.518256,1.0,0.499575,0.0,0.0,1.0,1.0,-0.0734,6,0,"probability/score [0,1]"
AL_331,1632,44.32,0.00931,0.000119,0.035127,0.0,2e-06,0.004841,0.899931,14.4508,1632,221,"probability/score [0,1]"
AL_332,1632,44.32,1.0,1.0,0.0,1.0,1.0,1.0,1.0,0.0,1,0,"probability/score [0,1]"
AL_333,1632,44.32,0.506901,1.0,0.499414,0.0,0.0,1.0,1.0,-0.0271,9,0,"probability/score [0,1]"
AL_334,1632,44.32,0.501838,1.0,0.50015,0.0,0.0,1.0,1.0,-0.0074,2,0,"probability/score [0,1]"
EK_1,2572,12.25,5.263376,5.365225,0.594258,0.855571,4.976362,5.676056,6.17,-1.4781,2541,12,numeric
EK_2,2572,12.25,4.464253,5.098377,2.127251,-11.9,4.29394,5.590924,6.17,-3.2487,2483,142,numeric
EK_3,1601,45.38,3.046202,3.691725,2.505199,-11.368883,2.603334,4.441446,7.010418,-2.2528,1601,60,numeric
EK_4,2572,12.25,0.896647,0.991925,0.265615,0.0,0.962463,1.0,1.0,-2.8115,1424,284,"probability/score [0,1]"
EK_5,2572,12.25,0.805125,0.960908,0.305456,0.0,0.770834,0.997708,1.0,-1.6067,1940,178,"probability/score [0,1]"
EK_6,2572,12.25,0.905764,0.9945,0.259208,0.0,0.967497,1.0,1.0,-3.0045,1374,241,"probability/score [0,1]"
EK_7,2572,12.25,5.944229,7.100062,3.172589,-3.321952,3.433631,8.418471,10.003,-0.5997,2470,0,numeric
EK_8,2572,12.25,0.559148,0.639698,0.34474,-5.716,0.579527,0.692865,0.756,-6.5797,2383,216,numeric
EK_9,2324,20.71,7.482126,7.853836,3.90584,-20.0,5.810131,11.039886,11.934,-1.2868,2163,4,numeric
