Dataset,Column,Miss% Pathogenic,Miss% Benign,Abs Difference
CFTR,AL_1,93.33,57.14,36.19
CFTR,AL_2,93.33,57.14,36.19
CFTR,AL_3,93.33,57.14,36.19
CFTR,AL_4,93.33,57.14,36.19
CFTR,AL_5,93.33,57.14,36.19
CFTR,AL_6,93.33,57.14,36.19
CFTR,AL_7,12.22,28.57,16.35
CFTR,AL_8,12.22,28.57,16.35
CFTR,AL_9,12.22,28.57,16.35
CFTR,AL_10,12.22,28.57,16.35
CFTR,AL_11,12.22,28.57,16.35
CFTR,AL_12,12.22,28.57,16.35
CFTR,AL_13,12.22,28.57,16.35
CFTR,AL_14,12.22,28.57,16.35
CFTR,AL_15,12.22,28.57,16.35
CFTR,AL_16,53.33,38.1,15.24
CFTR,AL_17,53.33,38.1,15.24
CFTR,AL_18,53.33,38.1,15.24
CFTR,AL_19,53.33,38.1,15.24
CFTR,AL_20,53.33,38.1,15.24
CFTR,AL_21,53.33,38.1,15.24
CFTR,AL_22,53.33,38.1,15.24
CFTR,AL_23,53.33,38.1,15.24
CFTR,AL_24,53.33,38.1,15.24
CFTR,AL_25,53.33,38.1,15.24
CFTR,AL_26,12.22,23.81,11.59
CFTR,AL_27,93.33,57.14,36.19
CFTR,AL_28,93.33,57.14,36.19
CFTR,AL_29,93.33,57.14,36.19
CFTR,AL_30,93.33,57.14,36.19
CFTR,AL_31,93.33,57.14,36.19
CFTR,AL_32,93.33,57.14,36.19
CFTR,AL_33,93.33,57.14,36.19
CFTR,AL_34,93.33,57.14,36.19
CFTR,AL_35,93.33,57.14,36.19
CFTR,AL_36,93.33,57.14,36.19
CFTR,AL_37,93.33,57.14,36.19
CFTR,AL_38,93.33,57.14,36.19
CFTR,AL_39,27.78,38.1,10.32
CFTR,AL_40,27.78,38.1,10.32
CFTR,AL_41,27.78,38.1,10.32
CFTR,AL_42,27.78,38.1,10.32
CFTR,AL_43,27.78,38.1,10.32
CFTR,AL_44,27.78,38.1,10.32
CFTR,AL_45,27.78,38.1,10.32
CFTR,AL_46,27.78,38.1,10.32
CFTR,AL_47,27.78,38.1,10.32
CFTR,AL_48,27.78,38.1,10.32
CFTR,AL_49,27.78,38.1,10.32
CFTR,AL_50,27.78,38.1,10.32
CFTR,AL_51,27.78,38.1,10.32
CFTR,AL_52,27.78,38.1,10.32
CFTR,AL_53,27.78,38.1,10.32
CFTR,AL_54,27.78,38.1,10.32
CFTR,AL_55,27.78,38.1,10.32
CFTR,AL_56,27.78,38.1,10.32
CFTR,AL_57,27.78,38.1,10.32
CFTR,AL_58,27.78,38.1,10.32
CFTR,AL_59,27.78,38.1,10.32
CFTR,AL_60,27.78,38.1,10.32
CFTR,AL_61,27.78,38.1,10.32
CFTR,AL_62,27.78,38.1,10.32
CFTR,AL_63,27.78,38.1,10.32
CFTR,AL_64,27.78,38.1,10.32
CFTR,AL_65,27.78,38.1,10.32
CFTR,AL_66,27.78,38.1,10.32
CFTR,AL_67,27.78,38.1,10.32
CFTR,AL_68,27.78,38.1,10.32
CFTR,AL_69,27.78,38.1,10.32
CFTR,AL_70,27.78,38.1,10.32
CFTR,AL_71,27.78,38.1,10.32
CFTR,AL_72,27.78,38.1,10.32
CFTR,AL_73,27.78,38.1,10.32
CFTR,AL_74,27.78,38.1,10.32
CFTR,AL_75,32.22,38.1,5.87
CFTR,AL_76,32.22,38.1,5.87
CFTR,AL_77,32.22,38.1,5.87
CFTR,AL_78,32.22,38.1,5.87
CFTR,AL_79,32.22,38.1,5.87
CFTR,AL_80,32.22,38.1,5.87
CFTR,AL_81,32.22,38.1,5.87
CFTR,AL_82,32.22,38.1,5.87
CFTR,AL_83,32.22,38.1,5.87
CFTR,AL_84,32.22,38.1,5.87
CFTR,AL_85,32.22,38.1,5.87
CFTR,AL_86,32.22,38.1,5.87
CFTR,AL_87,32.22,38.1,5.87
CFTR,AL_88,32.22,38.1,5.87
CFTR,AL_89,32.22,38.1,5.87
CFTR,AL_90,32.22,38.1,5.87
CFTR,AL_91,32.22,38.1,5.87
CFTR,AL_92,32.22,38.1,5.87
CFTR,AL_93,32.22,38.1,5.87
CFTR,AL_94,32.22,38.1,5.87
CFTR,AL_95,32.22,38.1,5.87
CFTR,AL_96,32.22,38.1,5.87
CFTR,AL_97,32.22,38.1,5.87
CFTR,AL_98,32.22,38.1,5.87
CFTR,AL_99,18.89,23.81,4.92
CFTR,AL_100,18.89,23.81,4.92
CFTR,AL_101,18.89,23.81,4.92
CFTR,AL_102,18.89,23.81,4.92
CFTR,AL_103,18.89,23.81,4.92
CFTR,AL_104,18.89,23.81,4.92
CFTR,AL_105,18.89,23.81,4.92
CFTR,AL_106,18.89,23.81,4.92
CFTR,AL_107,18.89,23.81,4.92
CFTR,AL_108,18.89,23.81,4.92
CFTR,AL_109,18.89,23.81,4.92
CFTR,AL_110,18.89,23.81,4.92
CFTR,AL_111,18.89,23.81,4.92
CFTR,AL_112,18.89,23.81,4.92
CFTR,AL_113,18.89,23.81,4.92
CFTR,AL_114,18.89,23.81,4.92
CFTR,AL_115,18.89,23.81,4.92
CFTR,AL_116,18.89,23.81,4.92
CFTR,AL_117,18.89,23.81,4.92
CFTR,AL_118,18.89,23.81,4.92
CFTR,AL_119,18.89,23.81,4.92
CFTR,AL_120,18.89,23.81,4.92
CFTR,AL_121,18.89,23.81,4.92
CFTR,AL_122,18.89,23.81,4.92
CFTR,AL_123,18.89,23.81,4.92
CFTR,AL_124,18.89,23.81,4.92
CFTR,AL_125,18.89,23.81,4.92
CFTR,AL_126,18.89,23.81,4.92
CFTR,AL_127,18.89,23.81,4.92
CFTR,AL_128,18.89,23.81,4.92
CFTR,AL_129,18.89,23.81,4.92
CFTR,AL_130,18.89,23.81,4.92
CFTR,AL_131,18.89,23.81,4.92
CFTR,AL_132,18.89,23.81,4.92
CFTR,AL_133,18.89,23.81,4.92
CFTR,AL_134,18.89,23.81,4.92
CFTR,AL_135,18.89,23.81,4.92
CFTR,AL_136,18.89,23.81,4.92
CFTR,AL_137,18.89,23.81,4.92
CFTR,AL_138,18.89,23.81,4.92
CFTR,AL_139,18.89,23.81,4.92
CFTR,AL_140,18.89,23.81,4.92
CFTR,AL_141,18.89,23.81,4.92
CFTR,AL_142,18.89,23.81,4.92
CFTR,AL_143,18.89,23.81,4.92
CFTR,AL_144,18.89,23.81,4.92
CFTR,AL_145,18.89,23.81,4.92
CFTR,AL_146,18.89,23.81,4.92
CFTR,AL_147,18.89,23.81,4.92
CFTR,AL_148,18.89,23.81,4.92
CFTR,AL_149,18.89,23.81,4.92
CFTR,AL_150,18.89,23.81,4.92
CFTR,AL_151,18.89,23.81,4.92
CFTR,AL_152,18.89,23.81,4.92
CFTR,AL_153,18.89,23.81,4.92
CFTR,AL_154,18.89,23.81,4.92
CFTR,AL_155,18.89,23.81,4.92
CFTR,AL_156,18.89,23.81,4.92
CFTR,AL_157,18.89,23.81,4.92
CFTR,AL_158,18.89,23.81,4.92
CFTR,AL_159,18.89,23.81,4.92
CFTR,AL_160,18.89,23.81,4.92
CFTR,AL_161,18.89,23.81,4.92
CFTR,AL_162,18.89,23.81,4.92
CFTR,AL_163,18.89,23.81,4.92
CFTR,AL_164,18.89,23.81,4.92
CFTR,AL_165,18.89,23.81,4.92
CFTR,AL_166,18.89,23.81,4.92
CFTR,AL_167,18.89,23.81,4.92
CFTR,AL_168,18.89,23.81,4.92
CFTR,AL_169,18.89,23.81,4.92
CFTR,AL_170,18.89,23.81,4.92
CFTR,AL_171,18.89,23.81,4.92
CFTR,AL_172,18.89,23.81,4.92
CFTR,AL_173,18.89,23.81,4.92
CFTR,AL_174,18.89,23.81,4.92
CFTR,AL_175,18.89,23.81,4.92
CFTR,AL_176,18.89,23.81,4.92
CFTR,AL_177,18.89,23.81,4.92
CFTR,AL_178,18.89,23.81,4.92
CFTR,AL_179,18.89,23.81,4.92
CFTR,AL_180,18.89,23.81,4.92
CFTR,AL_181,18.89,23.81,4.92
CFTR,AL_182,18.89,23.81,4.92
CFTR,AL_183,51.11,42.86,8.25
CFTR,AL_184,51.11,42.86,8.25
CFTR,AL_185,51.11,42.86,8.25
CFTR,AL_186,7.78,0.0,7.78
CFTR,AL_187,37.78,33.33,4.44
CFTR,AL_188,37.78,33.33,4.44
CFTR,AL_189,37.78,33.33,4.44
CFTR,AL_190,37.78,33.33,4.44
CFTR,AL_191,37.78,33.33,4.44
CFTR,AL_192,37.78,33.33,4.44
CFTR,AL_193,37.78,33.33,4.44
CFTR,AL_194,37.78,33.33,4.44
CFTR,AL_195,37.78,33.33,4.44
CFTR,AL_196,37.78,33.33,4.44
CFTR,AL_197,37.78,33.33,4.44
CFTR,AL_198,37.78,33.33,4.44
CFTR,AL_199,37.78,33.33,4.44
CFTR,AL_200,37.78,33.33,4.44
CFTR,AL_201,37.78,33.33,4.44
CFTR,AL_202,37.78,33.33,4.44
CFTR,AL_203,37.78,33.33,4.44
CFTR,AL_204,37.78,33.33,4.44
CFTR,AL_205,37.78,33.33,4.44
CFTR,AL_206,37.78,33.33,4.44
CFTR,AL_207,37.78,33.33,4.44
CFTR,AL_208,37.78,33.33,4.44
CFTR,AL_209,37.78,33.33,4.44
CFTR,AL_210,37.78,33.33,4.44
CFTR,AL_211,37.78,33.33,4.44
CFTR,AL_212,37.78,33.33,4.44
CFTR,AL_213,37.78,33.33,4.44
CFTR,AL_214,52.22,42.86,9.37
CFTR,AL_215,52.22,42.86,9.37
CFTR,AL_216,52.22,42.86,9.37
CFTR,AL_217,52.22,42.86,9.37
CFTR,AL_218,37.78,33.33,4.44
CFTR,AL_219,37.78,33.33,4.44
CFTR,AL_220,37.78,33.33,4.44
CFTR,AL_221,37.78,33.33,4.44
CFTR,AL_222,37.78,33.33,4.44
CFTR,AL_223,37.78,33.33,4.44
CFTR,AL_224,37.78,33.33,4.44
CFTR,AL_225,37.78,33.33,4.44
CFTR,AL_226,37.78,33.33,4.44
CFTR,AL_227,37.78,33.33,4.44
CFTR,AL_228,37.78,33.33,4.44
CFTR,AL_229,37.78,33.33,4.44
CFTR,AL_230,37.78,33.33,4.44
CFTR,AL_231,37.78,33.33,4.44
CFTR,AL_232,37.78,33.33,4.44
CFTR,AL_233,37.78,33.33,4.44
CFTR,AL_234,37.78,33.33,4.44
CFTR,AL_235,37.78,33.33,4.44
CFTR,AL_236,37.78,33.33,4.44
CFTR,AL_237,37.78,33.33,4.44
CFTR,AL_238,37.78,33.33,4.44
CFTR,AL_239,37.78,33.33,4.44
CFTR,AL_240,37.78,33.33,4.44
CFTR,AL_241,37.78,33.33,4.44
CFTR,AL_242,37.78,33.33,4.44
CFTR,AL_243,37.78,33.33,4.44
CFTR,AL_244,37.78,33.33,4.44
CFTR,AL_245,37.78,33.33,4.44
CFTR,AL_246,37.78,33.33,4.44
CFTR,AL_247,37.78,33.33,4.44
CFTR,AL_248,37.78,33.33,4.44
CFTR,AL_249,37.78,33.33,4.44
CFTR,AL_250,38.89,38.1,0.79
CFTR,AL_251,38.89,38.1,0.79
CFTR,AL_252,38.89,38.1,0.79
CFTR,AL_253,38.89,38.1,0.79
CFTR,AL_254,37.78,33.33,4.44
CFTR,AL_255,37.78,33.33,4.44
CFTR,AL_256,37.78,33.33,4.44
CFTR,AL_257,37.78,33.33,4.44
CFTR,AL_258,37.78,33.33,4.44
CFTR,AL_259,37.78,33.33,4.44
CFTR,AL_260,37.78,33.33,4.44
CFTR,AL_261,37.78,33.33,4.44
CFTR,AL_262,37.78,33.33,4.44
CFTR,AL_263,37.78,33.33,4.44
CFTR,AL_264,37.78,33.33,4.44
CFTR,AL_265,37.78,33.33,4.44
CFTR,AL_266,37.78,33.33,4.44
CFTR,AL_267,37.78,33.33,4.44
CFTR,AL_268,37.78,33.33,4.44
CFTR,AL_269,37.78,33.33,4.44
CFTR,AL_270,37.78,33.33,4.44
CFTR,AL_271,37.78,33.33,4.44
CFTR,AL_272,37.78,33.33,4.44
CFTR,AL_273,37.78,33.33,4.44
CFTR,AL_274,37.78,33.33,4.44
CFTR,AL_275,37.78,33.33,4.44
CFTR,AL_276,37.78,33.33,4.44
CFTR,AL_277,37.78,33.33,4.44
CFTR,AL_278,37.78,33.33,4.44
CFTR,AL_279,37.78,33.33,4.44
CFTR,AL_280,37.78,33.33,4.44
CFTR,AL_281,37.78,33.33,4.44
CFTR,AL_282,37.78,33.33,4.44
CFTR,AL_283,37.78,33.33,4.44
CFTR,AL_284,37.78,33.33,4.44
CFTR,AL_285,37.78,33.33,4.44
CFTR,AL_286,38.89,33.33,5.56
CFTR,AL_287,38.89,33.33,5.56
CFTR,AL_288,38.89,33.33,5.56
CFTR,AL_289,38.89,33.33,5.56
CFTR,AL_290,37.78,33.33,4.44
CFTR,AL_291,37.78,33.33,4.44
CFTR,AL_292,37.78,33.33,4.44
CFTR,AL_293,37.78,33.33,4.44
CFTR,AL_294,37.78,33.33,4.44
CFTR,AL_295,16.67,0.0,16.67
CFTR,AL_296,16.67,0.0,16.67
CFTR,AL_297,16.67,0.0,16.67
CFTR,AL_298,16.67,0.0,16.67
CFTR,AL_299,16.67,0.0,16.67
CFTR,AL_300,16.67,0.0,16.67
CFTR,AL_301,16.67,0.0,16.67
CFTR,AL_302,16.67,0.0,16.67
CFTR,AL_303,16.67,0.0,16.67
CFTR,AL_304,16.67,0.0,16.67
CFTR,AL_305,16.67,0.0,16.67
CFTR,AL_306,16.67,0.0,16.67
CFTR,AL_307,16.67,0.0,16.67
CFTR,AL_308,16.67,0.0,16.67
CFTR,AL_309,16.67,0.0,16.67
CFTR,AL_310,16.67,0.0,16.67
CFTR,AL_311,16.67,0.0,16.67
CFTR,AL_312,16.67,0.0,16.67
CFTR,AL_313,16.67,0.0,16.67
CFTR,AL_314,16.67,0.0,16.67
CFTR,AL_315,16.67,0.0,16.67
CFTR,AL_316,16.67,0.0,16.67
CFTR,AL_317,16.67,0.0,16.67
CFTR,AL_318,16.67,0.0,16.67
CFTR,AL_319,16.67,0.0,16.67
CFTR,AL_320,16.67,0.0,16.67
CFTR,AL_321,16.67,0.0,16.67
CFTR,AL_322,16.67,0.0,16.67
CFTR,AL_323,16.67,0.0,16.67
CFTR,AL_324,16.67,0.0,16.67
CFTR,AL_325,16.67,0.0,16.67
CFTR,AL_326,16.67,0.0,16.67
CFTR,AL_327,16.67,0.0,16.67
CFTR,AL_328,16.67,0.0,16.67
CFTR,AL_329,16.67,0.0,16.67
CFTR,AL_330,16.67,0.0,16.67
CFTR,AL_331,16.67,0.0,16.67
CFTR,AL_332,16.67,0.0,16.67
CFTR,AL_333,16.67,0.0,16.67
CFTR,AL_334,16.67,0.0,16.67
CFTR,EK_1,0.0,0.0,0.0
CFTR,EK_2,0.0,0.0,0.0
CFTR,EK_3,50.0,19.05,30.95
CFTR,EK_4,0.0,0.0,0.0
CFTR,EK_5,0.0,0.0,0.0
CFTR,EK_6,0.0,0.0,0.0
CFTR,EK_7,0.0,0.0,0.0
CFTR,EK_8,0.0,0.0,0.0
CFTR,EK_9,0.0,0.0,0.0
KANSER,AL_1,98.51,65.83,32.67
KANSER,AL_2,98.51,65.83,32.67
KANSER,AL_3,98.51,65.83,32.67
KANSER,AL_4,98.51,65.83,32.67
KANSER,AL_5,98.51,65.83,32.67
KANSER,AL_6,98.51,65.83,32.67
KANSER,AL_7,60.45,9.17,51.28
KANSER,AL_8,60.45,9.17,51.28
KANSER,AL_9,60.45,9.17,51.28
KANSER,AL_10,60.45,9.17,51.28
KANSER,AL_11,60.45,9.17,51.28
KANSER,AL_12,60.45,9.17,51.28
KANSER,AL_13,60.45,9.17,51.28
KANSER,AL_14,60.45,9.17,51.28
KANSER,AL_15,60.45,9.17,51.28
KANSER,AL_16,86.19,29.17,57.03
KANSER,AL_17,86.19,29.17,57.03
KANSER,AL_18,86.19,29.17,57.03
KANSER,AL_19,86.19,29.17,57.03
KANSER,AL_20,86.19,29.17,57.03
KANSER,AL_21,86.19,29.17,57.03
KANSER,AL_22,86.19,29.17,57.03
KANSER,AL_23,86.19,29.17,57.03
KANSER,AL_24,86.19,29.17,57.03
KANSER,AL_25,86.19,29.17,57.03
KANSER,AL_26,58.21,8.33,49.88
KANSER,AL_27,98.51,70.83,27.67
KANSER,AL_28,98.51,70.83,27.67
KANSER,AL_29,98.51,70.83,27.67
KANSER,AL_30,98.51,70.83,27.67
KANSER,AL_31,98.51,70.83,27.67
KANSER,AL_32,98.51,70.83,27.67
KANSER,AL_33,98.51,70.83,27.67
KANSER,AL_34,98.51,70.83,27.67
KANSER,AL_35,98.51,70.83,27.67
KANSER,AL_36,98.51,70.83,27.67
KANSER,AL_37,98.51,70.83,27.67
KANSER,AL_38,98.51,70.83,27.67
KANSER,AL_39,40.3,31.67,8.63
KANSER,AL_40,40.3,31.67,8.63
KANSER,AL_41,40.3,31.67,8.63
KANSER,AL_42,40.3,31.67,8.63
KANSER,AL_43,40.3,31.67,8.63
KANSER,AL_44,40.3,31.67,8.63
KANSER,AL_45,40.3,31.67,8.63
KANSER,AL_46,40.3,31.67,8.63
KANSER,AL_47,40.3,31.67,8.63
KANSER,AL_48,40.3,31.67,8.63
KANSER,AL_49,40.3,31.67,8.63
KANSER,AL_50,40.3,31.67,8.63
KANSER,AL_51,40.3,31.67,8.63
KANSER,AL_52,40.3,31.67,8.63
KANSER,AL_53,40.3,31.67,8.63
KANSER,AL_54,40.3,31.67,8.63
KANSER,AL_55,40.3,31.67,8.63
KANSER,AL_56,40.3,31.67,8.63
KANSER,AL_57,40.3,31.67,8.63
KANSER,AL_58,40.3,31.67,8.63
KANSER,AL_59,40.3,31.67,8.63
KANSER,AL_60,40.3,31.67,8.63
KANSER,AL_61,40.3,31.67,8.63
KANSER,AL_62,40.3,31.67,8.63
KANSER,AL_63,40.3,31.67,8.63
KANSER,AL_64,40.3,31.67,8.63
KANSER,AL_65,40.3,31.67,8.63
KANSER,AL_66,40.3,31.67,8.63
KANSER,AL_67,40.3,31.67,8.63
KANSER,AL_68,40.3,31.67,8.63
KANSER,AL_69,40.3,31.67,8.63
KANSER,AL_70,40.3,31.67,8.63
KANSER,AL_71,40.3,31.67,8.63
KANSER,AL_72,40.3,31.67,8.63
KANSER,AL_73,40.3,31.67,8.63
KANSER,AL_74,40.3,31.67,8.63
KANSER,AL_75,76.87,35.83,41.03
KANSER,AL_76,76.87,35.83,41.03
KANSER,AL_77,76.87,35.83,41.03
KANSER,AL_78,76.87,35.83,41.03
KANSER,AL_79,76.87,35.83,41.03
KANSER,AL_80,76.87,35.83,41.03
KANSER,AL_81,76.87,35.83,41.03
KANSER,AL_82,76.87,35.83,41.03
KANSER,AL_83,76.87,35.83,41.03
KANSER,AL_84,76.87,35.83,41.03
KANSER,AL_85,76.87,35.83,41.03
KANSER,AL_86,76.87,35.83,41.03
KANSER,AL_87,76.87,35.83,41.03
KANSER,AL_88,76.87,35.83,41.03
KANSER,AL_89,76.87,35.83,41.03
KANSER,AL_90,76.87,35.83,41.03
KANSER,AL_91,76.87,35.83,41.03
KANSER,AL_92,76.87,35.83,41.03
KANSER,AL_93,76.87,35.83,41.03
KANSER,AL_94,76.87,35.83,41.03
KANSER,AL_95,76.87,35.83,41.03
KANSER,AL_96,76.87,35.83,41.03
KANSER,AL_97,76.87,35.83,41.03
KANSER,AL_98,76.87,35.83,41.03
KANSER,AL_99,64.18,27.5,36.68
KANSER,AL_100,64.18,27.5,36.68
KANSER,AL_101,64.18,27.5,36.68
KANSER,AL_102,64.18,27.5,36.68
KANSER,AL_103,64.18,27.5,36.68
KANSER,AL_104,64.18,27.5,36.68
KANSER,AL_105,64.18,27.5,36.68
KANSER,AL_106,64.18,27.5,36.68
KANSER,AL_107,64.18,27.5,36.68
KANSER,AL_108,64.18,27.5,36.68
KANSER,AL_109,64.18,27.5,36.68
KANSER,AL_110,64.18,27.5,36.68
KANSER,AL_111,64.18,27.5,36.68
KANSER,AL_112,64.18,27.5,36.68
KANSER,AL_113,64.18,27.5,36.68
KANSER,AL_114,64.18,27.5,36.68
KANSER,AL_115,64.18,27.5,36.68
KANSER,AL_116,64.18,27.5,36.68
KANSER,AL_117,64.18,27.5,36.68
KANSER,AL_118,64.18,27.5,36.68
KANSER,AL_119,64.18,27.5,36.68
KANSER,AL_120,64.18,27.5,36.68
KANSER,AL_121,64.18,27.5,36.68
KANSER,AL_122,64.18,27.5,36.68
KANSER,AL_123,64.18,27.5,36.68
KANSER,AL_124,64.18,27.5,36.68
KANSER,AL_125,64.18,27.5,36.68
KANSER,AL_126,64.18,27.5,36.68
KANSER,AL_127,64.18,27.5,36.68
KANSER,AL_128,64.18,27.5,36.68
KANSER,AL_129,64.18,27.5,36.68
KANSER,AL_130,64.18,27.5,36.68
KANSER,AL_131,64.18,27.5,36.68
KANSER,AL_132,64.18,27.5,36.68
KANSER,AL_133,64.18,27.5,36.68
KANSER,AL_134,64.18,27.5,36.68
KANSER,AL_135,64.18,27.5,36.68
KANSER,AL_136,64.18,27.5,36.68
KANSER,AL_137,64.18,27.5,36.68
KANSER,AL_138,64.18,27.5,36.68
KANSER,AL_139,64.18,27.5,36.68
KANSER,AL_140,64.18,27.5,36.68
KANSER,AL_141,64.18,27.5,36.68
KANSER,AL_142,64.18,27.5,36.68
KANSER,AL_143,64.18,27.5,36.68
KANSER,AL_144,64.18,27.5,36.68
KANSER,AL_145,64.18,27.5,36.68
KANSER,AL_146,64.18,27.5,36.68
KANSER,AL_147,64.18,27.5,36.68
KANSER,AL_148,64.18,27.5,36.68
KANSER,AL_149,64.18,27.5,36.68
KANSER,AL_150,64.18,27.5,36.68
KANSER,AL_151,64.18,27.5,36.68
KANSER,AL_152,64.18,27.5,36.68
KANSER,AL_153,64.18,27.5,36.68
KANSER,AL_154,64.18,27.5,36.68
KANSER,AL_155,64.18,27.5,36.68
KANSER,AL_156,64.18,27.5,36.68
KANSER,AL_157,64.18,27.5,36.68
KANSER,AL_158,64.18,27.5,36.68
KANSER,AL_159,64.18,27.5,36.68
KANSER,AL_160,64.18,27.5,36.68
KANSER,AL_161,64.18,27.5,36.68
KANSER,AL_162,64.18,27.5,36.68
KANSER,AL_163,64.18,27.5,36.68
KANSER,AL_164,64.18,27.5,36.68
KANSER,AL_165,64.18,27.5,36.68
KANSER,AL_166,64.18,27.5,36.68
KANSER,AL_167,64.18,27.5,36.68
KANSER,AL_168,64.18,27.5,36.68
KANSER,AL_169,64.18,27.5,36.68
KANSER,AL_170,64.18,27.5,36.68
KANSER,AL_171,64.18,27.5,36.68
KANSER,AL_172,64.18,27.5,36.68
KANSER,AL_173,64.18,27.5,36.68
KANSER,AL_174,64.18,27.5,36.68
KANSER,AL_175,64.18,27.5,36.68
KANSER,AL_176,64.18,27.5,36.68
KANSER,AL_177,64.18,27.5,36.68
KANSER,AL_178,64.18,27.5,36.68
KANSER,AL_179,64.18,27.5,36.68
KANSER,AL_180,64.18,27.5,36.68
KANSER,AL_181,64.18,27.5,36.68
KANSER,AL_182,64.18,27.5,36.68
KANSER,AL_183,87.31,41.67,45.65
KANSER,AL_184,87.31,41.67,45.65
KANSER,AL_185,87.31,41.67,45.65
KANSER,AL_186,29.1,19.17,9.94
KANSER,AL_187,83.58,39.17,44.42
KANSER,AL_188,83.58,39.17,44.42
KANSER,AL_189,83.58,39.17,44.42
KANSER,AL_190,83.58,39.17,44.42
KANSER,AL_191,83.58,39.17,44.42
KANSER,AL_192,83.58,39.17,44.42
KANSER,AL_193,83.58,39.17,44.42
KANSER,AL_194,83.58,39.17,44.42
KANSER,AL_195,83.58,39.17,44.42
KANSER,AL_196,83.58,39.17,44.42
KANSER,AL_197,83.58,39.17,44.42
KANSER,AL_198,83.58,39.17,44.42
KANSER,AL_199,83.58,39.17,44.42
KANSER,AL_200,83.58,39.17,44.42
KANSER,AL_201,83.58,39.17,44.42
KANSER,AL_202,83.58,39.17,44.42
KANSER,AL_203,83.58,39.17,44.42
KANSER,AL_204,83.58,39.17,44.42
KANSER,AL_205,83.58,39.17,44.42
KANSER,AL_206,83.58,39.17,44.42
KANSER,AL_207,83.58,39.17,44.42
KANSER,AL_208,83.58,39.17,44.42
KANSER,AL_209,83.58,39.17,44.42
KANSER,AL_210,83.58,39.17,44.42
KANSER,AL_211,83.58,39.17,44.42
KANSER,AL_212,83.58,39.17,44.42
KANSER,AL_213,83.58,39.17,44.42
KANSER,AL_214,91.79,45.0,46.79
KANSER,AL_215,91.79,45.0,46.79
KANSER,AL_216,91.79,45.0,46.79
KANSER,AL_217,91.79,45.0,46.79
KANSER,AL_218,83.58,39.17,44.42
KANSER,AL_219,83.58,39.17,44.42
KANSER,AL_220,83.58,39.17,44.42
KANSER,AL_221,83.58,39.17,44.42
KANSER,AL_222,83.58,39.17,44.42
KANSER,AL_223,83.58,39.17,44.42
KANSER,AL_224,83.58,39.17,44.42
KANSER,AL_225,83.58,39.17,44.42
KANSER,AL_226,83.58,39.17,44.42
KANSER,AL_227,83.58,39.17,44.42
KANSER,AL_228,83.58,39.17,44.42
KANSER,AL_229,83.58,39.17,44.42
KANSER,AL_230,83.58,39.17,44.42
KANSER,AL_231,83.58,39.17,44.42
KANSER,AL_232,83.58,39.17,44.42
KANSER,AL_233,83.58,39.17,44.42
KANSER,AL_234,83.58,39.17,44.42
KANSER,AL_235,83.58,39.17,44.42
KANSER,AL_236,83.58,39.17,44.42
KANSER,AL_237,83.58,39.17,44.42
KANSER,AL_238,83.58,39.17,44.42
KANSER,AL_239,83.58,39.17,44.42
KANSER,AL_240,83.58,39.17,44.42
KANSER,AL_241,83.58,39.17,44.42
KANSER,AL_242,83.58,39.17,44.42
KANSER,AL_243,83.58,39.17,44.42
KANSER,AL_244,83.58,39.17,44.42
KANSER,AL_245,83.58,39.17,44.42
KANSER,AL_246,83.58,39.17,44.42
KANSER,AL_247,83.58,39.17,44.42
KANSER,AL_248,83.58,39.17,44.42
KANSER,AL_249,83.58,39.17,44.42
KANSER,AL_250,85.82,41.67,44.15
KANSER,AL_251,85.82,41.67,44.15
KANSER,AL_252,85.82,41.67,44.15
KANSER,AL_253,85.82,41.67,44.15
KANSER,AL_254,83.58,39.17,44.42
KANSER,AL_255,83.58,39.17,44.42
KANSER,AL_256,83.58,39.17,44.42
KANSER,AL_257,83.58,39.17,44.42
KANSER,AL_258,83.58,39.17,44.42
KANSER,AL_259,83.58,39.17,44.42
KANSER,AL_260,83.58,39.17,44.42
KANSER,AL_261,83.58,39.17,44.42
KANSER,AL_262,83.58,39.17,44.42
KANSER,AL_263,83.58,39.17,44.42
KANSER,AL_264,83.58,39.17,44.42
KANSER,AL_265,83.58,39.17,44.42
KANSER,AL_266,83.58,39.17,44.42
KANSER,AL_267,83.58,39.17,44.42
KANSER,AL_268,83.58,39.17,44.42
KANSER,AL_269,83.58,39.17,44.42
KANSER,AL_270,83.58,39.17,44.42
KANSER,AL_271,83.58,39.17,44.42
KANSER,AL_272,83.58,39.17,44.42
KANSER,AL_273,83.58,39.17,44.42
KANSER,AL_274,83.58,39.17,44.42
KANSER,AL_275,83.58,39.17,44.42
KANSER,AL_276,83.58,39.17,44.42
KANSER,AL_277,83.58,39.17,44.42
KANSER,AL_278,83.58,39.17,44.42
KANSER,AL_279,83.58,39.17,44.42
KANSER,AL_280,83.58,39.17,44.42
KANSER,AL_281,83.58,39.17,44.42
KANSER,AL_282,83.58,39.17,44.42
KANSER,AL_283,83.58,39.17,44.42
KANSER,AL_284,83.58,39.17,44.42
KANSER,AL_285,83.58,39.17,44.42
KANSER,AL_286,85.07,41.67,43.41
KANSER,AL_287,85.07,41.67,43.41
KANSER,AL_288,85.07,41.67,43.41
KANSER,AL_289,85.07,41.67,43.41
KANSER,AL_290,83.58,39.17,44.42
KANSER,AL_291,83.58,39.17,44.42
KANSER,AL_292,83.58,39.17,44.42
KANSER,AL_293,83.58,39.17,44.42
KANSER,AL_294,83.58,39.17,44.42
KANSER,AL_295,61.57,20.83,40.73
KANSER,AL_296,61.57,20.83,40.73
KANSER,AL_297,61.57,20.83,40.73
KANSER,AL_298,61.57,20.83,40.73
KANSER,AL_299,61.57,20.83,40.73
KANSER,AL_300,61.57,20.83,40.73
KANSER,AL_301,61.57,20.83,40.73
KANSER,AL_302,61.57,20.83,40.73
KANSER,AL_303,61.57,20.83,40.73
KANSER,AL_304,61.57,20.83,40.73
KANSER,AL_305,61.57,20.83,40.73
KANSER,AL_306,61.57,20.83,40.73
KANSER,AL_307,61.57,20.83,40.73
KANSER,AL_308,61.57,20.83,40.73
KANSER,AL_309,61.57,20.83,40.73
KANSER,AL_310,61.57,20.83,40.73
KANSER,AL_311,61.57,20.83,40.73
KANSER,AL_312,61.57,20.83,40.73
KANSER,AL_313,61.57,20.83,40.73
KANSER,AL_314,61.57,20.83,40.73
KANSER,AL_315,61.57,20.83,40.73
KANSER,AL_316,61.57,20.83,40.73
KANSER,AL_317,61.57,20.83,40.73
KANSER,AL_318,61.57,20.83,40.73
KANSER,AL_319,61.57,20.83,40.73
KANSER,AL_320,61.57,20.83,40.73
KANSER,AL_321,61.57,20.83,40.73
KANSER,AL_322,61.57,20.83,40.73
KANSER,AL_323,61.57,20.83,40.73
KANSER,AL_324,61.57,20.83,40.73
KANSER,AL_325,61.57,20.83,40.73
KANSER,AL_326,61.57,20.83,40.73
KANSER,AL_327,61.57,20.83,40.73
KANSER,AL_328,61.57,20.83,40.73
KANSER,AL_329,61.57,20.83,40.73
KANSER,AL_330,61.57,20.83,40.73
KANSER,AL_331,61.57,20.83,40.73
KANSER,AL_332,61.57,20.83,40.73
KANSER,AL_333,61.57,20.83,40.73
KANSER,AL_334,61.57,20.83,40.73
KANSER,EK_1,2.24,14.17,11.93
KANSER,EK_2,2.24,14.17,11.93
KANSER,EK_3,36.57,25.83,10.73
KANSER,EK_4,2.24,14.17,11.93
KANSER,EK_5,2.24,14.17,11.93
KANSER,EK_6,2.24,15.0,12.76
KANSER,EK_7,2.24,14.17,11.93
KANSER,EK_8,2.24,14.17,11.93
KANSER,EK_9,2.24,15.0,12.76
MASTER,AL_1,96.23,72.76,23.47
MASTER,AL_2,96.23,72.76,23.47
MASTER,AL_3,96.23,72.76,23.47
MASTER,AL_4,96.23,72.76,23.47
MASTER,AL_5,96.23,72.76,23.47
MASTER,AL_6,96.23,72.76,23.47
MASTER,AL_7,43.28,27.37,15.91
MASTER,AL_8,43.28,27.37,15.91
MASTER,AL_9,43.28,27.37,15.91
MASTER,AL_10,43.28,27.37,15.91
MASTER,AL_11,43.28,27.37,15.91
MASTER,AL_12,43.28,27.37,15.91
MASTER,AL_13,43.28,27.37,15.91
MASTER,AL_14,43.28,27.37,15.91
MASTER,AL_15,43.28,27.37,15.91
MASTER,AL_16,72.82,39.64,33.18
MASTER,AL_17,72.82,39.64,33.18
MASTER,AL_18,72.82,39.64,33.18
MASTER,AL_19,72.82,39.64,33.18
MASTER,AL_20,72.82,39.77,33.05
MASTER,AL_21,72.82,39.77,33.05
MASTER,AL_22,72.82,39.77,33.05
MASTER,AL_23,72.82,39.64,33.18
MASTER,AL_24,72.82,39.77,33.05
MASTER,AL_25,72.82,39.77,33.05
MASTER,AL_26,41.6,24.42,17.18
MASTER,AL_27,96.65,76.98,19.67
MASTER,AL_28,96.65,76.98,19.67
MASTER,AL_29,96.65,76.98,19.67
MASTER,AL_30,96.65,76.98,19.67
MASTER,AL_31,96.65,76.98,19.67
MASTER,AL_32,96.65,76.98,19.67
MASTER,AL_33,96.65,76.98,19.67
MASTER,AL_34,96.65,76.98,19.67
MASTER,AL_35,96.65,76.98,19.67
MASTER,AL_36,96.65,76.98,19.67
MASTER,AL_37,96.65,76.98,19.67
MASTER,AL_38,96.65,76.98,19.67
MASTER,AL_39,50.12,43.48,6.64
MASTER,AL_40,50.12,43.48,6.64
MASTER,AL_41,50.12,43.48,6.64
MASTER,AL_42,50.12,43.48,6.64
MASTER,AL_43,50.12,43.48,6.64
MASTER,AL_44,50.12,43.48,6.64
MASTER,AL_45,50.12,43.48,6.64
MASTER,AL_46,50.12,43.48,6.64
MASTER,AL_47,50.12,43.48,6.64
MASTER,AL_48,50.12,43.48,6.64
MASTER,AL_49,50.12,43.48,6.64
MASTER,AL_50,50.12,43.48,6.64
MASTER,AL_51,50.12,43.48,6.64
MASTER,AL_52,50.12,43.48,6.64
MASTER,AL_53,50.12,43.48,6.64
MASTER,AL_54,50.12,43.48,6.64
MASTER,AL_55,50.12,43.48,6.64
MASTER,AL_56,50.12,43.48,6.64
MASTER,AL_57,50.12,43.48,6.64
MASTER,AL_58,50.12,43.48,6.64
MASTER,AL_59,50.12,43.48,6.64
MASTER,AL_60,50.12,43.48,6.64
MASTER,AL_61,50.12,43.48,6.64
MASTER,AL_62,50.12,43.48,6.64
MASTER,AL_63,50.12,43.48,6.64
MASTER,AL_64,50.12,43.48,6.64
MASTER,AL_65,50.12,43.48,6.64
MASTER,AL_66,50.12,43.48,6.64
MASTER,AL_67,50.12,43.48,6.64
MASTER,AL_68,50.12,43.48,6.64
MASTER,AL_69,50.12,43.48,6.64
MASTER,AL_70,50.12,43.48,6.64
MASTER,AL_71,50.12,43.48,6.64
MASTER,AL_72,50.12,43.48,6.64
MASTER,AL_73,50.12,43.48,6.64
MASTER,AL_74,50.12,43.48,6.64
MASTER,AL_75,64.59,44.25,20.34
MASTER,AL_76,64.59,44.25,20.34
MASTER,AL_77,64.59,44.25,20.34
MASTER,AL_78,64.59,44.25,20.34
MASTER,AL_79,64.59,44.25,20.34
MASTER,AL_80,64.59,44.25,20.34
MASTER,AL_81,64.59,44.25,20.34
MASTER,AL_82,64.59,44.25,20.34
MASTER,AL_83,64.59,44.25,20.34
MASTER,AL_84,64.59,44.25,20.34
MASTER,AL_85,64.59,44.25,20.34
MASTER,AL_86,64.59,44.25,20.34
MASTER,AL_87,64.59,44.25,20.34
MASTER,AL_88,64.59,44.25,20.34
MASTER,AL_89,64.59,44.25,20.34
MASTER,AL_90,64.59,44.25,20.34
MASTER,AL_91,64.59,44.25,20.34
MASTER,AL_92,64.59,44.25,20.34
MASTER,AL_93,64.59,44.25,20.34
MASTER,AL_94,64.59,44.25,20.34
MASTER,AL_95,64.59,44.25,20.34
MASTER,AL_96,64.59,44.25,20.34
MASTER,AL_97,64.59,44.25,20.34
MASTER,AL_98,64.59,44.25,20.34
MASTER,AL_99,53.89,36.7,17.18
MASTER,AL_100,53.89,36.7,17.18
MASTER,AL_101,53.89,36.7,17.18
MASTER,AL_102,53.89,36.7,17.18
MASTER,AL_103,53.89,36.7,17.18
MASTER,AL_104,53.89,36.7,17.18
MASTER,AL_105,53.89,36.7,17.18
MASTER,AL_106,53.89,36.7,17.18
MASTER,AL_107,53.89,36.7,17.18
MASTER,AL_108,53.89,36.7,17.18
MASTER,AL_109,53.89,36.7,17.18
MASTER,AL_110,53.89,36.7,17.18
MASTER,AL_111,53.89,36.7,17.18
MASTER,AL_112,53.89,36.7,17.18
MASTER,AL_113,53.89,36.7,17.18
MASTER,AL_114,53.89,36.7,17.18
MASTER,AL_115,53.89,36.7,17.18
MASTER,AL_116,53.89,36.7,17.18
MASTER,AL_117,53.89,36.7,17.18
MASTER,AL_118,53.89,36.7,17.18
MASTER,AL_119,53.89,36.7,17.18
MASTER,AL_120,53.89,36.7,17.18
MASTER,AL_121,53.89,36.7,17.18
MASTER,AL_122,53.89,36.7,17.18
MASTER,AL_123,53.89,36.7,17.18
MASTER,AL_124,53.89,36.7,17.18
MASTER,AL_125,53.89,36.7,17.18
MASTER,AL_126,53.89,36.7,17.18
MASTER,AL_127,53.89,36.7,17.18
MASTER,AL_128,53.89,36.7,17.18
MASTER,AL_129,53.89,36.7,17.18
MASTER,AL_130,53.89,36.7,17.18
MASTER,AL_131,53.89,36.7,17.18
MASTER,AL_132,53.89,36.7,17.18
MASTER,AL_133,53.89,36.7,17.18
MASTER,AL_134,53.89,36.7,17.18
MASTER,AL_135,53.89,36.7,17.18
MASTER,AL_136,53.89,36.7,17.18
MASTER,AL_137,53.89,36.7,17.18
MASTER,AL_138,53.89,36.7,17.18
MASTER,AL_139,53.89,36.7,17.18
MASTER,AL_140,53.89,36.7,17.18
MASTER,AL_141,53.89,36.7,17.18
MASTER,AL_142,53.89,36.7,17.18
MASTER,AL_143,53.89,36.7,17.18
MASTER,AL_144,53.89,36.7,17.18
MASTER,AL_145,53.89,36.7,17.18
MASTER,AL_146,53.89,36.7,17.18
MASTER,AL_147,53.89,36.7,17.18
MASTER,AL_148,53.89,36.7,17.18
MASTER,AL_149,53.89,36.7,17.18
MASTER,AL_150,53.89,36.7,17.18
MASTER,AL_151,53.89,36.7,17.18
MASTER,AL_152,53.89,36.7,17.18
MASTER,AL_153,53.89,36.7,17.18
MASTER,AL_154,53.89,36.7,17.18
MASTER,AL_155,53.89,36.7,17.18
MASTER,AL_156,53.89,36.7,17.18
MASTER,AL_157,53.89,36.7,17.18
MASTER,AL_158,53.89,36.7,17.18
MASTER,AL_159,53.89,36.7,17.18
MASTER,AL_160,53.89,36.7,17.18
MASTER,AL_161,53.89,36.7,17.18
MASTER,AL_162,53.89,36.7,17.18
MASTER,AL_163,53.89,36.7,17.18
MASTER,AL_164,53.89,36.7,17.18
MASTER,AL_165,53.89,36.7,17.18
MASTER,AL_166,53.89,36.7,17.18
MASTER,AL_167,53.89,36.7,17.18
MASTER,AL_168,53.89,36.7,17.18
MASTER,AL_169,53.89,36.7,17.18
MASTER,AL_170,53.89,36.7,17.18
MASTER,AL_171,53.89,36.7,17.18
MASTER,AL_172,53.89,36.7,17.18
MASTER,AL_173,53.89,36.7,17.18
MASTER,AL_174,53.89,36.7,17.18
MASTER,AL_175,53.89,36.7,17.18
MASTER,AL_176,53.89,36.7,17.18
MASTER,AL_177,53.89,36.7,17.18
MASTER,AL_178,53.89,36.7,17.18
MASTER,AL_179,53.89,36.7,17.18
MASTER,AL_180,53.89,36.7,17.18
MASTER,AL_181,53.89,36.7,17.18
MASTER,AL_182,53.89,36.7,17.18
MASTER,AL_183,72.78,48.85,23.93
MASTER,AL_184,72.78,48.85,23.93
MASTER,AL_185,72.78,48.85,23.93
MASTER,AL_186,33.88,24.42,9.45
MASTER,AL_187,70.92,46.8,24.11
MASTER,AL_188,70.92,46.8,24.11
MASTER,AL_189,70.92,46.8,24.11
MASTER,AL_190,70.92,46.8,24.11
MASTER,AL_191,70.92,46.8,24.11
MASTER,AL_192,70.92,46.8,24.11
MASTER,AL_193,70.92,46.8,24.11
MASTER,AL_194,70.92,46.8,24.11
MASTER,AL_195,70.92,46.8,24.11
MASTER,AL_196,70.92,46.8,24.11
MASTER,AL_197,70.92,46.8,24.11
MASTER,AL_198,70.92,46.8,24.11
MASTER,AL_199,70.92,46.8,24.11
MASTER,AL_200,70.92,46.8,24.11
MASTER,AL_201,70.92,46.8,24.11
MASTER,AL_202,70.92,46.8,24.11
MASTER,AL_203,70.92,46.8,24.11
MASTER,AL_204,70.92,46.8,24.11
MASTER,AL_205,70.92,46.8,24.11
MASTER,AL_206,70.92,46.8,24.11
MASTER,AL_207,70.92,46.8,24.11
MASTER,AL_208,70.92,46.8,24.11
MASTER,AL_209,70.92,46.8,24.11
MASTER,AL_210,70.92,46.8,24.11
MASTER,AL_211,70.92,46.8,24.11
MASTER,AL_212,70.92,46.8,24.11
MASTER,AL_213,70.92,46.8,24.11
MASTER,AL_214,81.57,54.48,27.1
MASTER,AL_215,81.57,54.48,27.1
MASTER,AL_216,81.57,54.48,27.1
MASTER,AL_217,81.57,54.48,27.1
MASTER,AL_218,70.92,46.8,24.11
MASTER,AL_219,70.92,46.8,24.11
MASTER,AL_220,70.92,46.8,24.11
MASTER,AL_221,70.92,46.8,24.11
MASTER,AL_222,70.92,46.8,24.11
MASTER,AL_223,70.92,46.8,24.11
MASTER,AL_224,70.92,46.8,24.11
MASTER,AL_225,70.92,46.8,24.11
MASTER,AL_226,70.92,46.8,24.11
MASTER,AL_227,70.92,46.8,24.11
MASTER,AL_228,70.92,46.8,24.11
MASTER,AL_229,70.92,46.8,24.11
MASTER,AL_230,70.92,46.8,24.11
MASTER,AL_231,70.92,46.8,24.11
MASTER,AL_232,70.92,46.8,24.11
MASTER,AL_233,70.92,46.8,24.11
MASTER,AL_234,70.92,46.8,24.11
MASTER,AL_235,70.92,46.8,24.11
MASTER,AL_236,70.92,46.8,24.11
MASTER,AL_237,70.92,46.8,24.11
MASTER,AL_238,70.92,46.8,24.11
MASTER,AL_239,70.92,46.8,24.11
MASTER,AL_240,70.92,46.8,24.11
MASTER,AL_241,70.92,46.8,24.11
MASTER,AL_242,70.92,46.8,24.11
MASTER,AL_243,70.92,46.8,24.11
MASTER,AL_244,70.92,46.8,24.11
MASTER,AL_245,70.92,46.8,24.11
MASTER,AL_246,70.92,46.8,24.11
MASTER,AL_247,70.92,46.8,24.11
MASTER,AL_248,70.92,46.8,24.11
MASTER,AL_249,70.92,46.8,24.11
MASTER,AL_250,72.82,47.95,24.87
MASTER,AL_251,72.82,47.95,24.87
MASTER,AL_252,72.82,47.95,24.87
MASTER,AL_253,72.82,47.95,24.87
MASTER,AL_254,70.92,46.8,24.11
MASTER,AL_255,70.92,46.8,24.11
MASTER,AL_256,70.92,46.8,24.11
MASTER,AL_257,70.92,46.8,24.11
MASTER,AL_258,70.92,46.8,24.11
MASTER,AL_259,70.92,46.8,24.11
MASTER,AL_260,70.92,46.8,24.11
MASTER,AL_261,70.92,46.8,24.11
MASTER,AL_262,70.92,46.8,24.11
MASTER,AL_263,70.92,46.8,24.11
MASTER,AL_264,70.92,46.8,24.11
MASTER,AL_265,70.92,46.8,24.11
MASTER,AL_266,70.92,46.8,24.11
MASTER,AL_267,70.92,46.8,24.11
MASTER,AL_268,70.92,46.8,24.11
MASTER,AL_269,70.92,46.8,24.11
MASTER,AL_270,70.92,46.8,24.11
MASTER,AL_271,70.92,46.8,24.11
MASTER,AL_272,70.92,46.8,24.11
MASTER,AL_273,70.92,46.8,24.11
MASTER,AL_274,70.92,46.8,24.11
MASTER,AL_275,70.92,46.93,23.99
MASTER,AL_276,70.92,46.8,24.11
MASTER,AL_277,70.92,46.8,24.11
MASTER,AL_278,70.92,46.8,24.11
MASTER,AL_279,70.92,46.8,24.11
MASTER,AL_280,70.92,46.8,24.11
MASTER,AL_281,70.92,46.8,24.11
MASTER,AL_282,70.92,46.8,24.11
MASTER,AL_283,70.92,46.8,24.11
MASTER,AL_284,70.92,46.8,24.11
MASTER,AL_285,70.92,46.8,24.11
MASTER,AL_286,73.15,48.59,24.56
MASTER,AL_287,73.15,48.59,24.56
MASTER,AL_288,73.15,48.59,24.56
MASTER,AL_289,73.15,48.59,24.56
MASTER,AL_290,70.92,46.8,24.11
MASTER,AL_291,70.92,46.8,24.11
MASTER,AL_292,70.92,46.8,24.11
MASTER,AL_293,70.92,46.8,24.11
MASTER,AL_294,70.92,46.8,24.11
MASTER,AL_295,50.58,27.11,23.47
MASTER,AL_296,50.58,27.11,23.47
MASTER,AL_297,50.58,27.11,23.47
MASTER,AL_298,50.58,27.11,23.47
MASTER,AL_299,50.58,27.11,23.47
MASTER,AL_300,50.58,27.11,23.47
MASTER,AL_301,50.58,27.11,23.47
MASTER,AL_302,50.58,27.11,23.47
MASTER,AL_303,50.58,27.11,23.47
MASTER,AL_304,50.58,27.11,23.47
MASTER,AL_305,50.58,27.11,23.47
MASTER,AL_306,50.58,27.11,23.47
MASTER,AL_307,50.58,27.11,23.47
MASTER,AL_308,50.58,27.11,23.47
MASTER,AL_309,50.58,27.11,23.47
MASTER,AL_310,50.58,27.11,23.47
MASTER,AL_311,50.58,27.11,23.47
MASTER,AL_312,50.58,27.11,23.47
MASTER,AL_313,50.58,27.11,23.47
MASTER,AL_314,50.58,27.11,23.47
MASTER,AL_315,50.58,27.11,23.47
MASTER,AL_316,50.58,27.11,23.47
MASTER,AL_317,50.58,27.11,23.47
MASTER,AL_318,50.58,27.11,23.47
MASTER,AL_319,50.58,27.11,23.47
MASTER,AL_320,50.58,27.11,23.47
MASTER,AL_321,50.58,27.11,23.47
MASTER,AL_322,50.58,27.11,23.47
MASTER,AL_323,50.58,27.11,23.47
MASTER,AL_324,50.58,27.11,23.47
MASTER,AL_325,50.58,27.11,23.47
MASTER,AL_326,50.58,27.11,23.47
MASTER,AL_327,50.58,27.11,23.47
MASTER,AL_328,50.58,27.11,23.47
MASTER,AL_329,50.58,27.11,23.47
MASTER,AL_330,50.58,27.11,23.47
MASTER,AL_331,50.58,27.11,23.47
MASTER,AL_332,50.58,27.11,23.47
MASTER,AL_333,50.58,27.11,23.47
MASTER,AL_334,50.58,27.11,23.47
MASTER,EK_1,10.05,18.29,8.24
MASTER,EK_2,10.05,18.29,8.24
MASTER,EK_3,47.37,39.9,7.47
MASTER,EK_4,10.05,18.29,8.24
MASTER,EK_5,10.05,18.29,8.24
MASTER,EK_6,10.05,18.29,8.24
MASTER,EK_7,10.05,18.29,8.24
MASTER,EK_8,10.05,18.29,8.24
MASTER,EK_9,18.99,25.45,6.46
PAH,AL_1,96.45,95.16,1.29
PAH,AL_2,96.45,95.16,1.29
PAH,AL_3,96.45,95.16,1.29
PAH,AL_4,96.45,95.16,1.29
PAH,AL_5,96.45,95.16,1.29
PAH,AL_6,96.45,95.16,1.29
PAH,AL_7,40.32,43.55,3.23
PAH,AL_8,40.32,43.55,3.23
PAH,AL_9,40.32,43.55,3.23
PAH,AL_10,40.32,43.55,3.23
PAH,AL_11,40.32,43.55,3.23
PAH,AL_12,40.32,43.55,3.23
PAH,AL_13,40.32,43.55,3.23
PAH,AL_14,40.32,43.55,3.23
PAH,AL_15,40.32,43.55,3.23
PAH,AL_16,67.1,67.74,0.65
PAH,AL_17,67.1,67.74,0.65
PAH,AL_18,67.1,67.74,0.65
PAH,AL_19,67.1,67.74,0.65
PAH,AL_20,67.1,67.74,0.65
PAH,AL_21,67.1,67.74,0.65
PAH,AL_22,67.1,67.74,0.65
PAH,AL_23,67.1,67.74,0.65
PAH,AL_24,67.1,67.74,0.65
PAH,AL_25,67.1,67.74,0.65
PAH,AL_26,36.13,37.1,0.97
PAH,AL_27,96.45,95.16,1.29
PAH,AL_28,96.45,95.16,1.29
PAH,AL_29,96.45,95.16,1.29
PAH,AL_30,96.45,95.16,1.29
PAH,AL_31,96.45,95.16,1.29
PAH,AL_32,96.45,95.16,1.29
PAH,AL_33,96.45,95.16,1.29
PAH,AL_34,96.45,95.16,1.29
PAH,AL_35,96.45,95.16,1.29
PAH,AL_36,96.45,95.16,1.29
PAH,AL_37,96.45,95.16,1.29
PAH,AL_38,96.45,95.16,1.29
PAH,AL_39,56.45,66.13,9.68
PAH,AL_40,56.45,66.13,9.68
PAH,AL_41,56.45,66.13,9.68
PAH,AL_42,56.45,66.13,9.68
PAH,AL_43,56.45,66.13,9.68
PAH,AL_44,56.45,66.13,9.68
PAH,AL_45,56.45,66.13,9.68
PAH,AL_46,56.45,66.13,9.68
PAH,AL_47,56.45,66.13,9.68
PAH,AL_48,56.45,66.13,9.68
PAH,AL_49,56.45,66.13,9.68
PAH,AL_50,56.45,66.13,9.68
PAH,AL_51,56.45,66.13,9.68
PAH,AL_52,56.45,66.13,9.68
PAH,AL_53,56.45,66.13,9.68
PAH,AL_54,56.45,66.13,9.68
PAH,AL_55,56.45,66.13,9.68
PAH,AL_56,56.45,66.13,9.68
PAH,AL_57,56.45,66.13,9.68
PAH,AL_58,56.45,66.13,9.68
PAH,AL_59,56.45,66.13,9.68
PAH,AL_60,56.45,66.13,9.68
PAH,AL_61,56.45,66.13,9.68
PAH,AL_62,56.45,66.13,9.68
PAH,AL_63,56.45,66.13,9.68
PAH,AL_64,56.45,66.13,9.68
PAH,AL_65,56.45,66.13,9.68
PAH,AL_66,56.45,66.13,9.68
PAH,AL_67,56.45,66.13,9.68
PAH,AL_68,56.45,66.13,9.68
PAH,AL_69,56.45,66.13,9.68
PAH,AL_70,56.45,66.13,9.68
PAH,AL_71,56.45,66.13,9.68
PAH,AL_72,56.45,66.13,9.68
PAH,AL_73,56.45,66.13,9.68
PAH,AL_74,56.45,66.13,9.68
PAH,AL_75,60.0,67.74,7.74
PAH,AL_76,60.0,67.74,7.74
PAH,AL_77,60.0,67.74,7.74
PAH,AL_78,60.0,67.74,7.74
PAH,AL_79,60.0,67.74,7.74
PAH,AL_80,60.0,67.74,7.74
PAH,AL_81,60.0,67.74,7.74
PAH,AL_82,60.0,67.74,7.74
PAH,AL_83,60.0,67.74,7.74
PAH,AL_84,60.0,67.74,7.74
PAH,AL_85,60.0,67.74,7.74
PAH,AL_86,60.0,67.74,7.74
PAH,AL_87,60.0,67.74,7.74
PAH,AL_88,60.0,67.74,7.74
PAH,AL_89,60.0,67.74,7.74
PAH,AL_90,60.0,67.74,7.74
PAH,AL_91,60.0,67.74,7.74
PAH,AL_92,60.0,67.74,7.74
PAH,AL_93,60.0,67.74,7.74
PAH,AL_94,60.0,67.74,7.74
PAH,AL_95,60.0,67.74,7.74
PAH,AL_96,60.0,67.74,7.74
PAH,AL_97,60.0,67.74,7.74
PAH,AL_98,60.0,67.74,7.74
PAH,AL_99,46.13,43.55,2.58
PAH,AL_100,46.13,43.55,2.58
PAH,AL_101,46.13,43.55,2.58
PAH,AL_102,46.13,43.55,2.58
PAH,AL_103,46.13,43.55,2.58
PAH,AL_104,46.13,43.55,2.58
PAH,AL_105,46.13,43.55,2.58
PAH,AL_106,46.13,43.55,2.58
PAH,AL_107,46.13,43.55,2.58
PAH,AL_108,46.13,43.55,2.58
PAH,AL_109,46.13,43.55,2.58
PAH,AL_110,46.13,43.55,2.58
PAH,AL_111,46.13,43.55,2.58
PAH,AL_112,46.13,43.55,2.58
PAH,AL_113,46.13,43.55,2.58
PAH,AL_114,46.13,43.55,2.58
PAH,AL_115,46.13,43.55,2.58
PAH,AL_116,46.13,43.55,2.58
PAH,AL_117,46.13,43.55,2.58
PAH,AL_118,46.13,43.55,2.58
PAH,AL_119,46.13,43.55,2.58
PAH,AL_120,46.13,43.55,2.58
PAH,AL_121,46.13,43.55,2.58
PAH,AL_122,46.13,43.55,2.58
PAH,AL_123,46.13,43.55,2.58
PAH,AL_124,46.13,43.55,2.58
PAH,AL_125,46.13,43.55,2.58
PAH,AL_126,46.13,43.55,2.58
PAH,AL_127,46.13,43.55,2.58
PAH,AL_128,46.13,43.55,2.58
PAH,AL_129,46.13,43.55,2.58
PAH,AL_130,46.13,43.55,2.58
PAH,AL_131,46.13,43.55,2.58
PAH,AL_132,46.13,43.55,2.58
PAH,AL_133,46.13,43.55,2.58
PAH,AL_134,46.13,43.55,2.58
PAH,AL_135,46.13,43.55,2.58
PAH,AL_136,46.13,43.55,2.58
PAH,AL_137,46.13,43.55,2.58
PAH,AL_138,46.13,43.55,2.58
PAH,AL_139,46.13,43.55,2.58
PAH,AL_140,46.13,43.55,2.58
PAH,AL_141,46.13,43.55,2.58
PAH,AL_142,46.13,43.55,2.58
PAH,AL_143,46.13,43.55,2.58
PAH,AL_144,46.13,43.55,2.58
PAH,AL_145,46.13,43.55,2.58
PAH,AL_146,46.13,43.55,2.58
PAH,AL_147,46.13,43.55,2.58
PAH,AL_148,46.13,43.55,2.58
PAH,AL_149,46.13,43.55,2.58
PAH,AL_150,46.13,43.55,2.58
PAH,AL_151,46.13,43.55,2.58
PAH,AL_152,46.13,43.55,2.58
PAH,AL_153,46.13,43.55,2.58
PAH,AL_154,46.13,43.55,2.58
PAH,AL_155,46.13,43.55,2.58
PAH,AL_156,46.13,43.55,2.58
PAH,AL_157,46.13,43.55,2.58
PAH,AL_158,46.13,43.55,2.58
PAH,AL_159,46.13,43.55,2.58
PAH,AL_160,46.13,43.55,2.58
PAH,AL_161,46.13,43.55,2.58
PAH,AL_162,46.13,43.55,2.58
PAH,AL_163,46.13,43.55,2.58
PAH,AL_164,46.13,43.55,2.58
PAH,AL_165,46.13,43.55,2.58
PAH,AL_166,46.13,43.55,2.58
PAH,AL_167,46.13,43.55,2.58
PAH,AL_168,46.13,43.55,2.58
PAH,AL_169,46.13,43.55,2.58
PAH,AL_170,46.13,43.55,2.58
PAH,AL_171,46.13,43.55,2.58
PAH,AL_172,46.13,43.55,2.58
PAH,AL_173,46.13,43.55,2.58
PAH,AL_174,46.13,43.55,2.58
PAH,AL_175,46.13,43.55,2.58
PAH,AL_176,46.13,43.55,2.58
PAH,AL_177,46.13,43.55,2.58
PAH,AL_178,46.13,43.55,2.58
PAH,AL_179,46.13,43.55,2.58
PAH,AL_180,46.13,43.55,2.58
PAH,AL_181,46.13,43.55,2.58
PAH,AL_182,46.13,43.55,2.58
PAH,AL_183,66.45,75.81,9.35
PAH,AL_184,66.45,75.81,9.35
PAH,AL_185,66.45,75.81,9.35
PAH,AL_186,30.0,9.68,20.32
PAH,AL_187,64.19,69.35,5.16
PAH,AL_188,64.19,69.35,5.16
PAH,AL_189,64.19,69.35,5.16
PAH,AL_190,64.19,69.35,5.16
PAH,AL_191,64.19,69.35,5.16
PAH,AL_192,64.19,69.35,5.16
PAH,AL_193,64.19,69.35,5.16
PAH,AL_194,64.19,69.35,5.16
PAH,AL_195,64.19,69.35,5.16
PAH,AL_196,64.19,69.35,5.16
PAH,AL_197,64.19,69.35,5.16
PAH,AL_198,64.19,69.35,5.16
PAH,AL_199,64.19,69.35,5.16
PAH,AL_200,64.19,69.35,5.16
PAH,AL_201,64.19,69.35,5.16
PAH,AL_202,64.19,69.35,5.16
PAH,AL_203,64.19,69.35,5.16
PAH,AL_204,64.19,69.35,5.16
PAH,AL_205,64.19,69.35,5.16
PAH,AL_206,64.19,69.35,5.16
PAH,AL_207,64.19,69.35,5.16
PAH,AL_208,64.19,69.35,5.16
PAH,AL_209,64.19,69.35,5.16
PAH,AL_210,64.19,69.35,5.16
PAH,AL_211,64.19,69.35,5.16
PAH,AL_212,64.19,69.35,5.16
PAH,AL_213,64.19,69.35,5.16
PAH,AL_214,76.77,79.03,2.26
PAH,AL_215,76.77,79.03,2.26
PAH,AL_216,76.77,79.03,2.26
PAH,AL_217,76.77,79.03,2.26
PAH,AL_218,64.19,69.35,5.16
PAH,AL_219,64.19,69.35,5.16
PAH,AL_220,64.19,69.35,5.16
PAH,AL_221,64.19,69.35,5.16
PAH,AL_222,64.19,69.35,5.16
PAH,AL_223,64.19,69.35,5.16
PAH,AL_224,64.19,69.35,5.16
PAH,AL_225,64.19,69.35,5.16
PAH,AL_226,64.19,69.35,5.16
PAH,AL_227,64.19,69.35,5.16
PAH,AL_228,64.19,69.35,5.16
PAH,AL_229,64.19,69.35,5.16
PAH,AL_230,64.19,69.35,5.16
PAH,AL_231,64.19,69.35,5.16
PAH,AL_232,64.19,69.35,5.16
PAH,AL_233,64.19,69.35,5.16
PAH,AL_234,64.19,69.35,5.16
PAH,AL_235,64.19,69.35,5.16
PAH,AL_236,64.19,69.35,5.16
PAH,AL_237,64.19,69.35,5.16
PAH,AL_238,64.19,69.35,5.16
PAH,AL_239,64.19,69.35,5.16
PAH,AL_240,64.19,69.35,5.16
PAH,AL_241,64.19,69.35,5.16
PAH,AL_242,64.19,69.35,5.16
PAH,AL_243,64.19,69.35,5.16
PAH,AL_244,64.19,69.35,5.16
PAH,AL_245,64.19,69.35,5.16
PAH,AL_246,64.19,69.35,5.16
PAH,AL_247,64.19,69.35,5.16
PAH,AL_248,64.19,69.35,5.16
PAH,AL_249,64.19,69.35,5.16
PAH,AL_250,65.81,72.58,6.77
PAH,AL_251,65.81,72.58,6.77
PAH,AL_252,65.81,72.58,6.77
PAH,AL_253,65.81,72.58,6.77
PAH,AL_254,64.19,69.35,5.16
PAH,AL_255,64.19,69.35,5.16
PAH,AL_256,64.19,69.35,5.16
PAH,AL_257,64.19,69.35,5.16
PAH,AL_258,64.19,69.35,5.16
PAH,AL_259,64.19,69.35,5.16
PAH,AL_260,64.19,69.35,5.16
PAH,AL_261,64.19,69.35,5.16
PAH,AL_262,64.19,69.35,5.16
PAH,AL_263,64.19,69.35,5.16
PAH,AL_264,64.19,69.35,5.16
PAH,AL_265,64.19,69.35,5.16
PAH,AL_266,64.19,69.35,5.16
PAH,AL_267,64.19,69.35,5.16
PAH,AL_268,64.19,69.35,5.16
PAH,AL_269,64.19,69.35,5.16
PAH,AL_270,64.19,69.35,5.16
PAH,AL_271,64.19,69.35,5.16
PAH,AL_272,64.19,69.35,5.16
PAH,AL_273,64.19,69.35,5.16
PAH,AL_274,64.19,69.35,5.16
PAH,AL_275,64.19,69.35,5.16
PAH,AL_276,64.19,69.35,5.16
PAH,AL_277,64.19,69.35,5.16
PAH,AL_278,64.19,69.35,5.16
PAH,AL_279,64.19,69.35,5.16
PAH,AL_280,64.19,69.35,5.16
PAH,AL_281,64.19,69.35,5.16
PAH,AL_282,64.19,69.35,5.16
PAH,AL_283,64.19,69.35,5.16
PAH,AL_284,64.19,69.35,5.16
PAH,AL_285,64.19,69.35,5.16
PAH,AL_286,66.45,70.97,4.52
PAH,AL_287,66.45,70.97,4.52
PAH,AL_288,66.45,70.97,4.52
PAH,AL_289,66.45,70.97,4.52
PAH,AL_290,64.19,69.35,5.16
PAH,AL_291,64.19,69.35,5.16
PAH,AL_292,64.19,69.35,5.16
PAH,AL_293,64.19,69.35,5.16
PAH,AL_294,64.19,69.35,5.16
PAH,AL_295,38.39,11.29,27.1
PAH,AL_296,38.39,11.29,27.1
PAH,AL_297,38.39,11.29,27.1
PAH,AL_298,38.39,11.29,27.1
PAH,AL_299,38.39,11.29,27.1
PAH,AL_300,38.39,11.29,27.1
PAH,AL_301,38.39,11.29,27.1
PAH,AL_302,38.39,11.29,27.1
PAH,AL_303,38.39,11.29,27.1
PAH,AL_304,38.39,11.29,27.1
PAH,AL_305,38.39,11.29,27.1
PAH,AL_306,38.39,11.29,27.1
PAH,AL_307,38.39,11.29,27.1
PAH,AL_308,38.39,11.29,27.1
PAH,AL_309,38.39,11.29,27.1
PAH,AL_310,38.39,11.29,27.1
PAH,AL_311,38.39,11.29,27.1
PAH,AL_312,38.39,11.29,27.1
PAH,AL_313,38.39,11.29,27.1
PAH,AL_314,38.39,11.29,27.1
PAH,AL_315,38.39,11.29,27.1
PAH,AL_316,38.39,11.29,27.1
PAH,AL_317,38.39,11.29,27.1
PAH,AL_318,38.39,11.29,27.1
PAH,AL_319,38.39,11.29,27.1
PAH,AL_320,38.39,11.29,27.1
PAH,AL_321,38.39,11.29,27.1
PAH,AL_322,38.39,11.29,27.1
PAH,AL_323,38.39,11.29,27.1
PAH,AL_324,38.39,11.29,27.1
PAH,AL_325,38.39,11.29,27.1
PAH,AL_326,38.39,11.29,27.1
PAH,AL_327,38.39,11.29,27.1
PAH,AL_328,38.39,11.29,27.1
PAH,AL_329,38.39,11.29,27.1
PAH,AL_330,38.39,11.29,27.1
PAH,AL_331,38.39,11.29,27.1
PAH,AL_332,38.39,11.29,27.1
PAH,AL_333,38.39,11.29,27.1
PAH,AL_334,38.39,11.29,27.1
PAH,EK_1,1.94,8.06,6.13
PAH,EK_2,1.94,8.06,6.13
PAH,EK_3,50.32,35.48,14.84
PAH,EK_4,1.94,8.06,6.13
PAH,EK_5,1.94,8.06,6.13
PAH,EK_6,1.94,8.06,6.13
PAH,EK_7,1.94,8.06,6.13
PAH,EK_8,1.94,8.06,6.13
PAH,EK_9,1.94,8.06,6.13
