Dataset,Column,MissPct,Band
CFTR,Variant_ID,0.0,0%
CFTR,AL_1,86.49,80-95%
CFTR,AL_2,86.49,80-95%
CFTR,AL_3,86.49,80-95%
CFTR,AL_4,86.49,80-95%
CFTR,AL_5,86.49,80-95%
CFTR,AL_6,86.49,80-95%
CFTR,AL_7,15.32,5-20%
CFTR,AL_8,15.32,5-20%
CFTR,AL_9,15.32,5-20%
CFTR,AL_10,15.32,5-20%
CFTR,AL_11,15.32,5-20%
CFTR,AL_12,15.32,5-20%
CFTR,AL_13,15.32,5-20%
CFTR,AL_14,15.32,5-20%
CFTR,AL_15,15.32,5-20%
CFTR,AL_16,50.45,50-80%
CFTR,AL_17,50.45,50-80%
CFTR,AL_18,50.45,50-80%
CFTR,AL_19,50.45,50-80%
CFTR,AL_20,50.45,50-80%
CFTR,AL_21,50.45,50-80%
CFTR,AL_22,50.45,50-80%
CFTR,AL_23,50.45,50-80%
CFTR,AL_24,50.45,50-80%
CFTR,AL_25,50.45,50-80%
CFTR,AL_26,14.41,5-20%
CFTR,CAT_1,14.41,5-20%
CFTR,AL_27,86.49,80-95%
CFTR,AL_28,86.49,80-95%
CFTR,AL_29,86.49,80-95%
CFTR,AL_30,86.49,80-95%
CFTR,AL_31,86.49,80-95%
CFTR,AL_32,86.49,80-95%
CFTR,AL_33,86.49,80-95%
CFTR,AL_34,86.49,80-95%
CFTR,AL_35,86.49,80-95%
CFTR,AL_36,86.49,80-95%
CFTR,AL_37,86.49,80-95%
CFTR,AL_38,86.49,80-95%
CFTR,AL_39,29.73,20-50%
CFTR,AL_40,29.73,20-50%
CFTR,AL_41,29.73,20-50%
CFTR,AL_42,29.73,20-50%
CFTR,AL_43,29.73,20-50%
CFTR,AL_44,29.73,20-50%
CFTR,AL_45,29.73,20-50%
CFTR,AL_46,29.73,20-50%
CFTR,AL_47,29.73,20-50%
CFTR,AL_48,29.73,20-50%
CFTR,AL_49,29.73,20-50%
CFTR,AL_50,29.73,20-50%
CFTR,AL_51,29.73,20-50%
CFTR,AL_52,29.73,20-50%
CFTR,AL_53,29.73,20-50%
CFTR,AL_54,29.73,20-50%
CFTR,AL_55,29.73,20-50%
CFTR,AL_56,29.73,20-50%
CFTR,AL_57,29.73,20-50%
CFTR,AL_58,29.73,20-50%
CFTR,AL_59,29.73,20-50%
CFTR,AL_60,29.73,20-50%
CFTR,AL_61,29.73,20-50%
CFTR,AL_62,29.73,20-50%
CFTR,AL_63,29.73,20-50%
CFTR,AL_64,29.73,20-50%
CFTR,AL_65,29.73,20-50%
CFTR,AL_66,29.73,20-50%
CFTR,AL_67,29.73,20-50%
CFTR,AL_68,29.73,20-50%
CFTR,AL_69,29.73,20-50%
CFTR,AL_70,29.73,20-50%
CFTR,AL_71,29.73,20-50%
CFTR,AL_72,29.73,20-50%
CFTR,AL_73,29.73,20-50%
CFTR,AL_74,29.73,20-50%
CFTR,AL_75,33.33,20-50%
CFTR,AL_76,33.33,20-50%
CFTR,AL_77,33.33,20-50%
CFTR,AL_78,33.33,20-50%
CFTR,AL_79,33.33,20-50%
CFTR,AL_80,33.33,20-50%
CFTR,AL_81,33.33,20-50%
CFTR,AL_82,33.33,20-50%
CFTR,AL_83,33.33,20-50%
CFTR,AL_84,33.33,20-50%
CFTR,AL_85,33.33,20-50%
CFTR,AL_86,33.33,20-50%
CFTR,AL_87,33.33,20-50%
CFTR,AL_88,33.33,20-50%
CFTR,AL_89,33.33,20-50%
CFTR,AL_90,33.33,20-50%
CFTR,AL_91,33.33,20-50%
CFTR,AL_92,33.33,20-50%
CFTR,AL_93,33.33,20-50%
CFTR,AL_94,33.33,20-50%
CFTR,AL_95,33.33,20-50%
CFTR,CAT_2,33.33,20-50%
CFTR,AL_96,33.33,20-50%
CFTR,AL_97,33.33,20-50%
CFTR,AL_98,33.33,20-50%
CFTR,CAT_3,0.0,0%
CFTR,CAT_4,0.0,0%
CFTR,EK_1,0.0,0%
CFTR,EK_2,0.0,0%
CFTR,EK_3,44.14,20-50%
CFTR,AL_99,19.82,5-20%
CFTR,AL_100,19.82,5-20%
CFTR,AL_101,19.82,5-20%
CFTR,AL_102,19.82,5-20%
CFTR,AL_103,19.82,5-20%
CFTR,AL_104,19.82,5-20%
CFTR,AL_105,19.82,5-20%
CFTR,AL_106,19.82,5-20%
CFTR,AL_107,19.82,5-20%
CFTR,AL_108,19.82,5-20%
CFTR,AL_109,19.82,5-20%
CFTR,AL_110,19.82,5-20%
CFTR,AL_111,19.82,5-20%
CFTR,AL_112,19.82,5-20%
CFTR,AL_113,19.82,5-20%
CFTR,AL_114,19.82,5-20%
CFTR,AL_115,19.82,5-20%
CFTR,AL_116,19.82,5-20%
CFTR,AL_117,19.82,5-20%
CFTR,AL_118,19.82,5-20%
CFTR,AL_119,19.82,5-20%
CFTR,AL_120,19.82,5-20%
CFTR,AL_121,19.82,5-20%
CFTR,AL_122,19.82,5-20%
CFTR,AL_123,19.82,5-20%
CFTR,AL_124,19.82,5-20%
CFTR,AL_125,19.82,5-20%
CFTR,AL_126,19.82,5-20%
CFTR,AL_127,19.82,5-20%
CFTR,AL_128,19.82,5-20%
CFTR,AL_129,19.82,5-20%
CFTR,AL_130,19.82,5-20%
CFTR,AL_131,19.82,5-20%
CFTR,AL_132,19.82,5-20%
CFTR,AL_133,19.82,5-20%
CFTR,AL_134,19.82,5-20%
CFTR,AL_135,19.82,5-20%
CFTR,AL_136,19.82,5-20%
CFTR,AL_137,19.82,5-20%
CFTR,AL_138,19.82,5-20%
CFTR,AL_139,19.82,5-20%
CFTR,AL_140,19.82,5-20%
CFTR,AL_141,19.82,5-20%
CFTR,AL_142,19.82,5-20%
CFTR,AL_143,19.82,5-20%
CFTR,AL_144,19.82,5-20%
CFTR,AL_145,19.82,5-20%
CFTR,AL_146,19.82,5-20%
CFTR,AL_147,19.82,5-20%
CFTR,AL_148,19.82,5-20%
CFTR,AL_149,19.82,5-20%
CFTR,AL_150,19.82,5-20%
CFTR,AL_151,19.82,5-20%
CFTR,AL_152,19.82,5-20%
CFTR,AL_153,19.82,5-20%
CFTR,AL_154,19.82,5-20%
CFTR,AL_155,19.82,5-20%
CFTR,AL_156,19.82,5-20%
CFTR,AL_157,19.82,5-20%
CFTR,AL_158,19.82,5-20%
CFTR,AL_159,19.82,5-20%
CFTR,AL_160,19.82,5-20%
CFTR,AL_161,19.82,5-20%
CFTR,AL_162,19.82,5-20%
CFTR,AL_163,19.82,5-20%
CFTR,AL_164,19.82,5-20%
CFTR,AL_165,19.82,5-20%
CFTR,AL_166,19.82,5-20%
CFTR,AL_167,19.82,5-20%
CFTR,AL_168,19.82,5-20%
CFTR,AL_169,19.82,5-20%
CFTR,AL_170,19.82,5-20%
CFTR,AL_171,19.82,5-20%
CFTR,AL_172,19.82,5-20%
CFTR,AL_173,19.82,5-20%
CFTR,AL_174,19.82,5-20%
CFTR,AL_175,19.82,5-20%
CFTR,AL_176,19.82,5-20%
CFTR,AL_177,19.82,5-20%
CFTR,AL_178,19.82,5-20%
CFTR,AL_179,19.82,5-20%
CFTR,AL_180,19.82,5-20%
CFTR,AL_181,19.82,5-20%
CFTR,AL_182,19.82,5-20%
CFTR,AL_183,49.55,20-50%
CFTR,AL_184,49.55,20-50%
CFTR,AL_185,49.55,20-50%
CFTR,CAT_5,0.0,0%
CFTR,AL_186,6.31,5-20%
CFTR,AL_187,36.94,20-50%
CFTR,AL_188,36.94,20-50%
CFTR,AL_189,36.94,20-50%
CFTR,AL_190,36.94,20-50%
CFTR,AL_191,36.94,20-50%
CFTR,AL_192,36.94,20-50%
CFTR,AL_193,36.94,20-50%
CFTR,AL_194,36.94,20-50%
CFTR,AL_195,36.94,20-50%
CFTR,AL_196,36.94,20-50%
CFTR,AL_197,36.94,20-50%
CFTR,AL_198,36.94,20-50%
CFTR,AL_199,36.94,20-50%
CFTR,AL_200,36.94,20-50%
CFTR,AL_201,36.94,20-50%
CFTR,AL_202,36.94,20-50%
CFTR,AL_203,36.94,20-50%
CFTR,AL_204,36.94,20-50%
CFTR,AL_205,36.94,20-50%
CFTR,AL_206,36.94,20-50%
CFTR,AL_207,36.94,20-50%
CFTR,AL_208,36.94,20-50%
CFTR,AL_209,36.94,20-50%
CFTR,AL_210,36.94,20-50%
CFTR,AL_211,36.94,20-50%
CFTR,AL_212,36.94,20-50%
CFTR,AL_213,36.94,20-50%
CFTR,AL_214,50.45,50-80%
CFTR,AL_215,50.45,50-80%
CFTR,AL_216,50.45,50-80%
CFTR,AL_217,50.45,50-80%
CFTR,AL_218,36.94,20-50%
CFTR,AL_219,36.94,20-50%
CFTR,AL_220,36.94,20-50%
CFTR,AL_221,36.94,20-50%
CFTR,AL_222,36.94,20-50%
CFTR,CAT_6,98.2,>95%
CFTR,AL_223,36.94,20-50%
CFTR,AL_224,36.94,20-50%
CFTR,AL_225,36.94,20-50%
CFTR,AL_226,36.94,20-50%
CFTR,AL_227,36.94,20-50%
CFTR,AL_228,36.94,20-50%
CFTR,AL_229,36.94,20-50%
CFTR,AL_230,36.94,20-50%
CFTR,AL_231,36.94,20-50%
CFTR,AL_232,36.94,20-50%
CFTR,AL_233,36.94,20-50%
CFTR,AL_234,36.94,20-50%
CFTR,AL_235,36.94,20-50%
CFTR,AL_236,36.94,20-50%
CFTR,AL_237,36.94,20-50%
CFTR,AL_238,36.94,20-50%
CFTR,AL_239,36.94,20-50%
CFTR,AL_240,36.94,20-50%
CFTR,AL_241,36.94,20-50%
CFTR,AL_242,36.94,20-50%
CFTR,AL_243,36.94,20-50%
CFTR,AL_244,36.94,20-50%
CFTR,AL_245,36.94,20-50%
CFTR,AL_246,36.94,20-50%
CFTR,AL_247,36.94,20-50%
CFTR,AL_248,36.94,20-50%
CFTR,AL_249,36.94,20-50%
CFTR,AL_250,38.74,20-50%
CFTR,AL_251,38.74,20-50%
CFTR,AL_252,38.74,20-50%
CFTR,AL_253,38.74,20-50%
CFTR,AL_254,36.94,20-50%
CFTR,AL_255,36.94,20-50%
CFTR,AL_256,36.94,20-50%
CFTR,AL_257,36.94,20-50%
CFTR,AL_258,36.94,20-50%
CFTR,AL_259,36.94,20-50%
CFTR,AL_260,36.94,20-50%
CFTR,AL_261,36.94,20-50%
CFTR,AL_262,36.94,20-50%
CFTR,AL_263,36.94,20-50%
CFTR,AL_264,36.94,20-50%
CFTR,AL_265,36.94,20-50%
CFTR,AL_266,36.94,20-50%
CFTR,AL_267,36.94,20-50%
CFTR,AL_268,36.94,20-50%
CFTR,AL_269,36.94,20-50%
CFTR,AL_270,36.94,20-50%
CFTR,AL_271,36.94,20-50%
CFTR,AL_272,36.94,20-50%
CFTR,AL_273,36.94,20-50%
CFTR,AL_274,36.94,20-50%
CFTR,AL_275,36.94,20-50%
CFTR,AL_276,36.94,20-50%
CFTR,AL_277,36.94,20-50%
CFTR,AL_278,36.94,20-50%
CFTR,AL_279,36.94,20-50%
CFTR,AL_280,36.94,20-50%
CFTR,AL_281,36.94,20-50%
CFTR,AL_282,36.94,20-50%
CFTR,AL_283,36.94,20-50%
CFTR,AL_284,36.94,20-50%
CFTR,AL_285,36.94,20-50%
CFTR,AL_286,37.84,20-50%
CFTR,AL_287,37.84,20-50%
CFTR,AL_288,37.84,20-50%
CFTR,AL_289,37.84,20-50%
CFTR,AL_290,36.94,20-50%
CFTR,AL_291,36.94,20-50%
CFTR,AL_292,36.94,20-50%
CFTR,AL_293,36.94,20-50%
CFTR,AL_294,36.94,20-50%
CFTR,AL_295,13.51,5-20%
CFTR,AL_296,13.51,5-20%
CFTR,AL_297,13.51,5-20%
CFTR,AL_298,13.51,5-20%
CFTR,AL_299,13.51,5-20%
CFTR,AL_300,13.51,5-20%
CFTR,AL_301,13.51,5-20%
CFTR,AL_302,13.51,5-20%
CFTR,AL_303,13.51,5-20%
CFTR,AL_304,13.51,5-20%
CFTR,AL_305,13.51,5-20%
CFTR,AL_306,13.51,5-20%
CFTR,AL_307,13.51,5-20%
CFTR,AL_308,13.51,5-20%
CFTR,AL_309,13.51,5-20%
CFTR,AL_310,13.51,5-20%
CFTR,AL_311,13.51,5-20%
CFTR,AL_312,13.51,5-20%
CFTR,AL_313,13.51,5-20%
CFTR,AL_314,13.51,5-20%
CFTR,AL_315,13.51,5-20%
CFTR,AL_316,13.51,5-20%
CFTR,AL_317,13.51,5-20%
CFTR,AL_318,13.51,5-20%
CFTR,AL_319,13.51,5-20%
CFTR,AL_320,13.51,5-20%
CFTR,AL_321,13.51,5-20%
CFTR,AL_322,13.51,5-20%
CFTR,AL_323,13.51,5-20%
CFTR,AL_324,13.51,5-20%
CFTR,AL_325,13.51,5-20%
CFTR,AL_326,13.51,5-20%
CFTR,AL_327,13.51,5-20%
CFTR,AL_328,13.51,5-20%
CFTR,AL_329,13.51,5-20%
CFTR,AL_330,13.51,5-20%
CFTR,AL_331,13.51,5-20%
CFTR,AL_332,13.51,5-20%
CFTR,AL_333,13.51,5-20%
CFTR,AL_334,13.51,5-20%
CFTR,EK_4,0.0,0%
CFTR,EK_5,0.0,0%
CFTR,EK_6,0.0,0%
CFTR,EK_7,0.0,0%
CFTR,EK_8,0.0,0%
CFTR,EK_9,0.0,0%
CFTR,AA_1,0.0,0%
CFTR,AA_2,0.0,0%
CFTR,Label,0.0,0%
KANSER,Variant_ID,0.0,0%
KANSER,AL_1,88.4,80-95%
KANSER,AL_2,88.4,80-95%
KANSER,AL_3,88.4,80-95%
KANSER,AL_4,88.4,80-95%
KANSER,AL_5,88.4,80-95%
KANSER,AL_6,88.4,80-95%
KANSER,AL_7,44.59,20-50%
KANSER,AL_8,44.59,20-50%
KANSER,AL_9,44.59,20-50%
KANSER,AL_10,44.59,20-50%
KANSER,AL_11,44.59,20-50%
KANSER,AL_12,44.59,20-50%
KANSER,AL_13,44.59,20-50%
KANSER,AL_14,44.59,20-50%
KANSER,AL_15,44.59,20-50%
KANSER,AL_16,68.56,50-80%
KANSER,AL_17,68.56,50-80%
KANSER,AL_18,68.56,50-80%
KANSER,AL_19,68.56,50-80%
KANSER,AL_20,68.56,50-80%
KANSER,AL_21,68.56,50-80%
KANSER,AL_22,68.56,50-80%
KANSER,AL_23,68.56,50-80%
KANSER,AL_24,68.56,50-80%
KANSER,AL_25,68.56,50-80%
KANSER,AL_26,42.78,20-50%
KANSER,CAT_1,42.78,20-50%
KANSER,AL_27,89.95,80-95%
KANSER,AL_28,89.95,80-95%
KANSER,AL_29,89.95,80-95%
KANSER,AL_30,89.95,80-95%
KANSER,AL_31,89.95,80-95%
KANSER,AL_32,89.95,80-95%
KANSER,AL_33,89.95,80-95%
KANSER,AL_34,89.95,80-95%
KANSER,AL_35,89.95,80-95%
KANSER,AL_36,89.95,80-95%
KANSER,AL_37,89.95,80-95%
KANSER,AL_38,89.95,80-95%
KANSER,AL_39,37.63,20-50%
KANSER,AL_40,37.63,20-50%
KANSER,AL_41,37.63,20-50%
KANSER,AL_42,37.63,20-50%
KANSER,AL_43,37.63,20-50%
KANSER,AL_44,37.63,20-50%
KANSER,AL_45,37.63,20-50%
KANSER,AL_46,37.63,20-50%
KANSER,AL_47,37.63,20-50%
KANSER,AL_48,37.63,20-50%
KANSER,AL_49,37.63,20-50%
KANSER,AL_50,37.63,20-50%
KANSER,AL_51,37.63,20-50%
KANSER,AL_52,37.63,20-50%
KANSER,AL_53,37.63,20-50%
KANSER,AL_54,37.63,20-50%
KANSER,AL_55,37.63,20-50%
KANSER,AL_56,37.63,20-50%
KANSER,AL_57,37.63,20-50%
KANSER,AL_58,37.63,20-50%
KANSER,AL_59,37.63,20-50%
KANSER,AL_60,37.63,20-50%
KANSER,AL_61,37.63,20-50%
KANSER,AL_62,37.63,20-50%
KANSER,AL_63,37.63,20-50%
KANSER,AL_64,37.63,20-50%
KANSER,AL_65,37.63,20-50%
KANSER,AL_66,37.63,20-50%
KANSER,AL_67,37.63,20-50%
KANSER,AL_68,37.63,20-50%
KANSER,AL_69,37.63,20-50%
KANSER,AL_70,37.63,20-50%
KANSER,AL_71,37.63,20-50%
KANSER,AL_72,37.63,20-50%
KANSER,AL_73,37.63,20-50%
KANSER,AL_74,37.63,20-50%
KANSER,AL_75,64.18,50-80%
KANSER,AL_76,64.18,50-80%
KANSER,AL_77,64.18,50-80%
KANSER,AL_78,64.18,50-80%
KANSER,AL_79,64.18,50-80%
KANSER,AL_80,64.18,50-80%
KANSER,AL_81,64.18,50-80%
KANSER,AL_82,64.18,50-80%
KANSER,AL_83,64.18,50-80%
KANSER,AL_84,64.18,50-80%
KANSER,AL_85,64.18,50-80%
KANSER,AL_86,64.18,50-80%
KANSER,AL_87,64.18,50-80%
KANSER,AL_88,64.18,50-80%
KANSER,AL_89,64.18,50-80%
KANSER,AL_90,64.18,50-80%
KANSER,AL_91,64.18,50-80%
KANSER,AL_92,64.18,50-80%
KANSER,AL_93,64.18,50-80%
KANSER,AL_94,64.18,50-80%
KANSER,AL_95,64.18,50-80%
KANSER,CAT_2,64.18,50-80%
KANSER,AL_96,64.18,50-80%
KANSER,AL_97,64.18,50-80%
KANSER,AL_98,64.18,50-80%
KANSER,CAT_3,5.93,5-20%
KANSER,CAT_4,5.93,5-20%
KANSER,EK_1,5.93,5-20%
KANSER,EK_2,5.93,5-20%
KANSER,EK_3,33.25,20-50%
KANSER,AL_99,52.84,50-80%
KANSER,AL_100,52.84,50-80%
KANSER,AL_101,52.84,50-80%
KANSER,AL_102,52.84,50-80%
KANSER,AL_103,52.84,50-80%
KANSER,AL_104,52.84,50-80%
KANSER,AL_105,52.84,50-80%
KANSER,AL_106,52.84,50-80%
KANSER,AL_107,52.84,50-80%
KANSER,AL_108,52.84,50-80%
KANSER,AL_109,52.84,50-80%
KANSER,AL_110,52.84,50-80%
KANSER,AL_111,52.84,50-80%
KANSER,AL_112,52.84,50-80%
KANSER,AL_113,52.84,50-80%
KANSER,AL_114,52.84,50-80%
KANSER,AL_115,52.84,50-80%
KANSER,AL_116,52.84,50-80%
KANSER,AL_117,52.84,50-80%
KANSER,AL_118,52.84,50-80%
KANSER,AL_119,52.84,50-80%
KANSER,AL_120,52.84,50-80%
KANSER,AL_121,52.84,50-80%
KANSER,AL_122,52.84,50-80%
KANSER,AL_123,52.84,50-80%
KANSER,AL_124,52.84,50-80%
KANSER,AL_125,52.84,50-80%
KANSER,AL_126,52.84,50-80%
KANSER,AL_127,52.84,50-80%
KANSER,AL_128,52.84,50-80%
KANSER,AL_129,52.84,50-80%
KANSER,AL_130,52.84,50-80%
KANSER,AL_131,52.84,50-80%
KANSER,AL_132,52.84,50-80%
KANSER,AL_133,52.84,50-80%
KANSER,AL_134,52.84,50-80%
KANSER,AL_135,52.84,50-80%
KANSER,AL_136,52.84,50-80%
KANSER,AL_137,52.84,50-80%
KANSER,AL_138,52.84,50-80%
KANSER,AL_139,52.84,50-80%
KANSER,AL_140,52.84,50-80%
KANSER,AL_141,52.84,50-80%
KANSER,AL_142,52.84,50-80%
KANSER,AL_143,52.84,50-80%
KANSER,AL_144,52.84,50-80%
KANSER,AL_145,52.84,50-80%
KANSER,AL_146,52.84,50-80%
KANSER,AL_147,52.84,50-80%
KANSER,AL_148,52.84,50-80%
KANSER,AL_149,52.84,50-80%
KANSER,AL_150,52.84,50-80%
KANSER,AL_151,52.84,50-80%
KANSER,AL_152,52.84,50-80%
KANSER,AL_153,52.84,50-80%
KANSER,AL_154,52.84,50-80%
KANSER,AL_155,52.84,50-80%
KANSER,AL_156,52.84,50-80%
KANSER,AL_157,52.84,50-80%
KANSER,AL_158,52.84,50-80%
KANSER,AL_159,52.84,50-80%
KANSER,AL_160,52.84,50-80%
KANSER,AL_161,52.84,50-80%
KANSER,AL_162,52.84,50-80%
KANSER,AL_163,52.84,50-80%
KANSER,AL_164,52.84,50-80%
KANSER,AL_165,52.84,50-80%
KANSER,AL_166,52.84,50-80%
KANSER,AL_167,52.84,50-80%
KANSER,AL_168,52.84,50-80%
KANSER,AL_169,52.84,50-80%
KANSER,AL_170,52.84,50-80%
KANSER,AL_171,52.84,50-80%
KANSER,AL_172,52.84,50-80%
KANSER,AL_173,52.84,50-80%
KANSER,AL_174,52.84,50-80%
KANSER,AL_175,52.84,50-80%
KANSER,AL_176,52.84,50-80%
KANSER,AL_177,52.84,50-80%
KANSER,AL_178,52.84,50-80%
KANSER,AL_179,52.84,50-80%
KANSER,AL_180,52.84,50-80%
KANSER,AL_181,52.84,50-80%
KANSER,AL_182,52.84,50-80%
KANSER,AL_183,73.2,50-80%
KANSER,AL_184,73.2,50-80%
KANSER,AL_185,73.2,50-80%
KANSER,CAT_5,5.93,5-20%
KANSER,AL_186,26.03,20-50%
KANSER,AL_187,69.85,50-80%
KANSER,AL_188,69.85,50-80%
KANSER,AL_189,69.85,50-80%
KANSER,AL_190,69.85,50-80%
KANSER,AL_191,69.85,50-80%
KANSER,AL_192,69.85,50-80%
KANSER,AL_193,69.85,50-80%
KANSER,AL_194,69.85,50-80%
KANSER,AL_195,69.85,50-80%
KANSER,AL_196,69.85,50-80%
KANSER,AL_197,69.85,50-80%
KANSER,AL_198,69.85,50-80%
KANSER,AL_199,69.85,50-80%
KANSER,AL_200,69.85,50-80%
KANSER,AL_201,69.85,50-80%
KANSER,AL_202,69.85,50-80%
KANSER,AL_203,69.85,50-80%
KANSER,AL_204,69.85,50-80%
KANSER,AL_205,69.85,50-80%
KANSER,AL_206,69.85,50-80%
KANSER,AL_207,69.85,50-80%
KANSER,AL_208,69.85,50-80%
KANSER,AL_209,69.85,50-80%
KANSER,AL_210,69.85,50-80%
KANSER,AL_211,69.85,50-80%
KANSER,AL_212,69.85,50-80%
KANSER,AL_213,69.85,50-80%
KANSER,AL_214,77.32,50-80%
KANSER,AL_215,77.32,50-80%
KANSER,AL_216,77.32,50-80%
KANSER,AL_217,77.32,50-80%
KANSER,AL_218,69.85,50-80%
KANSER,AL_219,69.85,50-80%
KANSER,AL_220,69.85,50-80%
KANSER,AL_221,69.85,50-80%
KANSER,AL_222,69.85,50-80%
KANSER,CAT_6,98.97,>95%
KANSER,AL_223,69.85,50-80%
KANSER,AL_224,69.85,50-80%
KANSER,AL_225,69.85,50-80%
KANSER,AL_226,69.85,50-80%
KANSER,AL_227,69.85,50-80%
KANSER,AL_228,69.85,50-80%
KANSER,AL_229,69.85,50-80%
KANSER,AL_230,69.85,50-80%
KANSER,AL_231,69.85,50-80%
KANSER,AL_232,69.85,50-80%
KANSER,AL_233,69.85,50-80%
KANSER,AL_234,69.85,50-80%
KANSER,AL_235,69.85,50-80%
KANSER,AL_236,69.85,50-80%
KANSER,AL_237,69.85,50-80%
KANSER,AL_238,69.85,50-80%
KANSER,AL_239,69.85,50-80%
KANSER,AL_240,69.85,50-80%
KANSER,AL_241,69.85,50-80%
KANSER,AL_242,69.85,50-80%
KANSER,AL_243,69.85,50-80%
KANSER,AL_244,69.85,50-80%
KANSER,AL_245,69.85,50-80%
KANSER,AL_246,69.85,50-80%
KANSER,AL_247,69.85,50-80%
KANSER,AL_248,69.85,50-80%
KANSER,AL_249,69.85,50-80%
KANSER,AL_250,72.16,50-80%
KANSER,AL_251,72.16,50-80%
KANSER,AL_252,72.16,50-80%
KANSER,AL_253,72.16,50-80%
KANSER,AL_254,69.85,50-80%
KANSER,AL_255,69.85,50-80%
KANSER,AL_256,69.85,50-80%
KANSER,AL_257,69.85,50-80%
KANSER,AL_258,69.85,50-80%
KANSER,AL_259,69.85,50-80%
KANSER,AL_260,69.85,50-80%
KANSER,AL_261,69.85,50-80%
KANSER,AL_262,69.85,50-80%
KANSER,AL_263,69.85,50-80%
KANSER,AL_264,69.85,50-80%
KANSER,AL_265,69.85,50-80%
KANSER,AL_266,69.85,50-80%
KANSER,AL_267,69.85,50-80%
KANSER,AL_268,69.85,50-80%
KANSER,AL_269,69.85,50-80%
KANSER,AL_270,69.85,50-80%
KANSER,AL_271,69.85,50-80%
KANSER,AL_272,69.85,50-80%
KANSER,AL_273,69.85,50-80%
KANSER,AL_274,69.85,50-80%
KANSER,AL_275,69.85,50-80%
KANSER,AL_276,69.85,50-80%
KANSER,AL_277,69.85,50-80%
KANSER,AL_278,69.85,50-80%
KANSER,AL_279,69.85,50-80%
KANSER,AL_280,69.85,50-80%
KANSER,AL_281,69.85,50-80%
KANSER,AL_282,69.85,50-80%
KANSER,AL_283,69.85,50-80%
KANSER,AL_284,69.85,50-80%
KANSER,AL_285,69.85,50-80%
KANSER,AL_286,71.65,50-80%
KANSER,AL_287,71.65,50-80%
KANSER,AL_288,71.65,50-80%
KANSER,AL_289,71.65,50-80%
KANSER,AL_290,69.85,50-80%
KANSER,AL_291,69.85,50-80%
KANSER,AL_292,69.85,50-80%
KANSER,AL_293,69.85,50-80%
KANSER,AL_294,69.85,50-80%
KANSER,AL_295,48.97,20-50%
KANSER,AL_296,48.97,20-50%
KANSER,AL_297,48.97,20-50%
KANSER,AL_298,48.97,20-50%
KANSER,AL_299,48.97,20-50%
KANSER,AL_300,48.97,20-50%
KANSER,AL_301,48.97,20-50%
KANSER,AL_302,48.97,20-50%
KANSER,AL_303,48.97,20-50%
KANSER,AL_304,48.97,20-50%
KANSER,AL_305,48.97,20-50%
KANSER,AL_306,48.97,20-50%
KANSER,AL_307,48.97,20-50%
KANSER,AL_308,48.97,20-50%
KANSER,AL_309,48.97,20-50%
KANSER,AL_310,48.97,20-50%
KANSER,AL_311,48.97,20-50%
KANSER,AL_312,48.97,20-50%
KANSER,AL_313,48.97,20-50%
KANSER,AL_314,48.97,20-50%
KANSER,AL_315,48.97,20-50%
KANSER,AL_316,48.97,20-50%
KANSER,AL_317,48.97,20-50%
KANSER,AL_318,48.97,20-50%
KANSER,AL_319,48.97,20-50%
KANSER,AL_320,48.97,20-50%
KANSER,AL_321,48.97,20-50%
KANSER,AL_322,48.97,20-50%
KANSER,AL_323,48.97,20-50%
KANSER,AL_324,48.97,20-50%
KANSER,AL_325,48.97,20-50%
KANSER,AL_326,48.97,20-50%
KANSER,AL_327,48.97,20-50%
KANSER,AL_328,48.97,20-50%
KANSER,AL_329,48.97,20-50%
KANSER,AL_330,48.97,20-50%
KANSER,AL_331,48.97,20-50%
KANSER,AL_332,48.97,20-50%
KANSER,AL_333,48.97,20-50%
KANSER,AL_334,48.97,20-50%
KANSER,EK_4,5.93,5-20%
KANSER,EK_5,5.93,5-20%
KANSER,EK_6,6.19,5-20%
KANSER,EK_7,5.93,5-20%
KANSER,EK_8,5.93,5-20%
KANSER,EK_9,6.19,5-20%
KANSER,AA_1,5.67,5-20%
KANSER,AA_2,5.67,5-20%
KANSER,Label,0.0,0%
MASTER,Variant_ID,0.0,0%
MASTER,AL_1,89.97,80-95%
MASTER,AL_2,89.97,80-95%
MASTER,AL_3,89.97,80-95%
MASTER,AL_4,89.97,80-95%
MASTER,AL_5,89.97,80-95%
MASTER,AL_6,89.97,80-95%
MASTER,AL_7,39.03,20-50%
MASTER,AL_8,39.03,20-50%
MASTER,AL_9,39.03,20-50%
MASTER,AL_10,39.03,20-50%
MASTER,AL_11,39.03,20-50%
MASTER,AL_12,39.03,20-50%
MASTER,AL_13,39.03,20-50%
MASTER,AL_14,39.03,20-50%
MASTER,AL_15,39.03,20-50%
MASTER,AL_16,63.97,50-80%
MASTER,AL_17,63.97,50-80%
MASTER,AL_18,63.97,50-80%
MASTER,AL_19,63.97,50-80%
MASTER,AL_20,64.01,50-80%
MASTER,AL_21,64.01,50-80%
MASTER,AL_22,64.01,50-80%
MASTER,AL_23,63.97,50-80%
MASTER,AL_24,64.01,50-80%
MASTER,AL_25,64.01,50-80%
MASTER,AL_26,37.02,20-50%
MASTER,CAT_1,37.02,20-50%
MASTER,AL_27,91.4,80-95%
MASTER,AL_28,91.4,80-95%
MASTER,AL_29,91.4,80-95%
MASTER,AL_30,91.4,80-95%
MASTER,AL_31,91.4,80-95%
MASTER,AL_32,91.4,80-95%
MASTER,AL_33,91.4,80-95%
MASTER,AL_34,91.4,80-95%
MASTER,AL_35,91.4,80-95%
MASTER,AL_36,91.4,80-95%
MASTER,AL_37,91.4,80-95%
MASTER,AL_38,91.4,80-95%
MASTER,AL_39,48.35,20-50%
MASTER,AL_40,48.35,20-50%
MASTER,AL_41,48.35,20-50%
MASTER,AL_42,48.35,20-50%
MASTER,AL_43,48.35,20-50%
MASTER,AL_44,48.35,20-50%
MASTER,AL_45,48.35,20-50%
MASTER,AL_46,48.35,20-50%
MASTER,AL_47,48.35,20-50%
MASTER,AL_48,48.35,20-50%
MASTER,AL_49,48.35,20-50%
MASTER,AL_50,48.35,20-50%
MASTER,AL_51,48.35,20-50%
MASTER,AL_52,48.35,20-50%
MASTER,AL_53,48.35,20-50%
MASTER,AL_54,48.35,20-50%
MASTER,AL_55,48.35,20-50%
MASTER,AL_56,48.35,20-50%
MASTER,AL_57,48.35,20-50%
MASTER,AL_58,48.35,20-50%
MASTER,AL_59,48.35,20-50%
MASTER,AL_60,48.35,20-50%
MASTER,AL_61,48.35,20-50%
MASTER,AL_62,48.35,20-50%
MASTER,AL_63,48.35,20-50%
MASTER,AL_64,48.35,20-50%
MASTER,AL_65,48.35,20-50%
MASTER,AL_66,48.35,20-50%
MASTER,AL_67,48.35,20-50%
MASTER,AL_68,48.35,20-50%
MASTER,AL_69,48.35,20-50%
MASTER,AL_70,48.35,20-50%
MASTER,AL_71,48.35,20-50%
MASTER,AL_72,48.35,20-50%
MASTER,AL_73,48.35,20-50%
MASTER,AL_74,48.35,20-50%
MASTER,AL_75,59.16,50-80%
MASTER,AL_76,59.16,50-80%
MASTER,AL_77,59.16,50-80%
MASTER,AL_78,59.16,50-80%
MASTER,AL_79,59.16,50-80%
MASTER,AL_80,59.16,50-80%
MASTER,AL_81,59.16,50-80%
MASTER,AL_82,59.16,50-80%
MASTER,AL_83,59.16,50-80%
MASTER,AL_84,59.16,50-80%
MASTER,AL_85,59.16,50-80%
MASTER,AL_86,59.16,50-80%
MASTER,AL_87,59.16,50-80%
MASTER,AL_88,59.16,50-80%
MASTER,AL_89,59.16,50-80%
MASTER,AL_90,59.16,50-80%
MASTER,AL_91,59.16,50-80%
MASTER,AL_92,59.16,50-80%
MASTER,AL_93,59.16,50-80%
MASTER,AL_94,59.16,50-80%
MASTER,AL_95,59.16,50-80%
MASTER,CAT_2,59.16,50-80%
MASTER,AL_96,59.16,50-80%
MASTER,AL_97,59.16,50-80%
MASTER,AL_98,59.16,50-80%
MASTER,CAT_3,12.25,5-20%
MASTER,CAT_4,12.25,5-20%
MASTER,EK_1,12.25,5-20%
MASTER,EK_2,12.25,5-20%
MASTER,EK_3,45.38,20-50%
MASTER,AL_99,49.3,20-50%
MASTER,AL_100,49.3,20-50%
MASTER,AL_101,49.3,20-50%
MASTER,AL_102,49.3,20-50%
MASTER,AL_103,49.3,20-50%
MASTER,AL_104,49.3,20-50%
MASTER,AL_105,49.3,20-50%
MASTER,AL_106,49.3,20-50%
MASTER,AL_107,49.3,20-50%
MASTER,AL_108,49.3,20-50%
MASTER,AL_109,49.3,20-50%
MASTER,AL_110,49.3,20-50%
MASTER,AL_111,49.3,20-50%
MASTER,AL_112,49.3,20-50%
MASTER,AL_113,49.3,20-50%
MASTER,AL_114,49.3,20-50%
MASTER,AL_115,49.3,20-50%
MASTER,AL_116,49.3,20-50%
MASTER,AL_117,49.3,20-50%
MASTER,AL_118,49.3,20-50%
MASTER,AL_119,49.3,20-50%
MASTER,AL_120,49.3,20-50%
MASTER,AL_121,49.3,20-50%
MASTER,AL_122,49.3,20-50%
MASTER,AL_123,49.3,20-50%
MASTER,AL_124,49.3,20-50%
MASTER,AL_125,49.3,20-50%
MASTER,AL_126,49.3,20-50%
MASTER,AL_127,49.3,20-50%
MASTER,AL_128,49.3,20-50%
MASTER,AL_129,49.3,20-50%
MASTER,AL_130,49.3,20-50%
MASTER,AL_131,49.3,20-50%
MASTER,AL_132,49.3,20-50%
MASTER,AL_133,49.3,20-50%
MASTER,AL_134,49.3,20-50%
MASTER,AL_135,49.3,20-50%
MASTER,AL_136,49.3,20-50%
MASTER,AL_137,49.3,20-50%
MASTER,AL_138,49.3,20-50%
MASTER,AL_139,49.3,20-50%
MASTER,AL_140,49.3,20-50%
MASTER,AL_141,49.3,20-50%
MASTER,AL_142,49.3,20-50%
MASTER,AL_143,49.3,20-50%
MASTER,AL_144,49.3,20-50%
MASTER,AL_145,49.3,20-50%
MASTER,AL_146,49.3,20-50%
MASTER,AL_147,49.3,20-50%
MASTER,AL_148,49.3,20-50%
MASTER,AL_149,49.3,20-50%
MASTER,AL_150,49.3,20-50%
MASTER,AL_151,49.3,20-50%
MASTER,AL_152,49.3,20-50%
MASTER,AL_153,49.3,20-50%
MASTER,AL_154,49.3,20-50%
MASTER,AL_155,49.3,20-50%
MASTER,AL_156,49.3,20-50%
MASTER,AL_157,49.3,20-50%
MASTER,AL_158,49.3,20-50%
MASTER,AL_159,49.3,20-50%
MASTER,AL_160,49.3,20-50%
MASTER,AL_161,49.3,20-50%
MASTER,AL_162,49.3,20-50%
MASTER,AL_163,49.3,20-50%
MASTER,AL_164,49.3,20-50%
MASTER,AL_165,49.3,20-50%
MASTER,AL_166,49.3,20-50%
MASTER,AL_167,49.3,20-50%
MASTER,AL_168,49.3,20-50%
MASTER,AL_169,49.3,20-50%
MASTER,AL_170,49.3,20-50%
MASTER,AL_171,49.3,20-50%
MASTER,AL_172,49.3,20-50%
MASTER,AL_173,49.3,20-50%
MASTER,AL_174,49.3,20-50%
MASTER,AL_175,49.3,20-50%
MASTER,AL_176,49.3,20-50%
MASTER,AL_177,49.3,20-50%
MASTER,AL_178,49.3,20-50%
MASTER,AL_179,49.3,20-50%
MASTER,AL_180,49.3,20-50%
MASTER,AL_181,49.3,20-50%
MASTER,AL_182,49.3,20-50%
MASTER,AL_183,66.39,50-80%
MASTER,AL_184,66.39,50-80%
MASTER,AL_185,66.39,50-80%
MASTER,CAT_5,12.25,5-20%
MASTER,AL_186,31.35,20-50%
MASTER,AL_187,64.48,50-80%
MASTER,AL_188,64.48,50-80%
MASTER,AL_189,64.48,50-80%
MASTER,AL_190,64.48,50-80%
MASTER,AL_191,64.48,50-80%
MASTER,AL_192,64.48,50-80%
MASTER,AL_193,64.48,50-80%
MASTER,AL_194,64.48,50-80%
MASTER,AL_195,64.48,50-80%
MASTER,AL_196,64.48,50-80%
MASTER,AL_197,64.48,50-80%
MASTER,AL_198,64.48,50-80%
MASTER,AL_199,64.48,50-80%
MASTER,AL_200,64.48,50-80%
MASTER,AL_201,64.48,50-80%
MASTER,AL_202,64.48,50-80%
MASTER,AL_203,64.48,50-80%
MASTER,AL_204,64.48,50-80%
MASTER,AL_205,64.48,50-80%
MASTER,AL_206,64.48,50-80%
MASTER,AL_207,64.48,50-80%
MASTER,AL_208,64.48,50-80%
MASTER,AL_209,64.48,50-80%
MASTER,AL_210,64.48,50-80%
MASTER,AL_211,64.48,50-80%
MASTER,AL_212,64.48,50-80%
MASTER,AL_213,64.48,50-80%
MASTER,AL_214,74.34,50-80%
MASTER,AL_215,74.34,50-80%
MASTER,AL_216,74.34,50-80%
MASTER,AL_217,74.34,50-80%
MASTER,AL_218,64.48,50-80%
MASTER,AL_219,64.48,50-80%
MASTER,AL_220,64.48,50-80%
MASTER,AL_221,64.48,50-80%
MASTER,AL_222,64.48,50-80%
MASTER,CAT_6,97.71,>95%
MASTER,AL_223,64.48,50-80%
MASTER,AL_224,64.48,50-80%
MASTER,AL_225,64.48,50-80%
MASTER,AL_226,64.48,50-80%
MASTER,AL_227,64.48,50-80%
MASTER,AL_228,64.48,50-80%
MASTER,AL_229,64.48,50-80%
MASTER,AL_230,64.48,50-80%
MASTER,AL_231,64.48,50-80%
MASTER,AL_232,64.48,50-80%
MASTER,AL_233,64.48,50-80%
MASTER,AL_234,64.48,50-80%
MASTER,AL_235,64.48,50-80%
MASTER,AL_236,64.48,50-80%
MASTER,AL_237,64.48,50-80%
MASTER,AL_238,64.48,50-80%
MASTER,AL_239,64.48,50-80%
MASTER,AL_240,64.48,50-80%
MASTER,AL_241,64.48,50-80%
MASTER,AL_242,64.48,50-80%
MASTER,AL_243,64.48,50-80%
MASTER,AL_244,64.48,50-80%
MASTER,AL_245,64.48,50-80%
MASTER,AL_246,64.48,50-80%
MASTER,AL_247,64.48,50-80%
MASTER,AL_248,64.48,50-80%
MASTER,AL_249,64.48,50-80%
MASTER,AL_250,66.19,50-80%
MASTER,AL_251,66.19,50-80%
MASTER,AL_252,66.19,50-80%
MASTER,AL_253,66.19,50-80%
MASTER,AL_254,64.48,50-80%
MASTER,AL_255,64.48,50-80%
MASTER,AL_256,64.48,50-80%
MASTER,AL_257,64.48,50-80%
MASTER,AL_258,64.48,50-80%
MASTER,AL_259,64.48,50-80%
MASTER,AL_260,64.48,50-80%
MASTER,AL_261,64.48,50-80%
MASTER,AL_262,64.48,50-80%
MASTER,AL_263,64.48,50-80%
MASTER,AL_264,64.48,50-80%
MASTER,AL_265,64.48,50-80%
MASTER,AL_266,64.48,50-80%
MASTER,AL_267,64.48,50-80%
MASTER,AL_268,64.48,50-80%
MASTER,AL_269,64.48,50-80%
MASTER,AL_270,64.48,50-80%
MASTER,AL_271,64.48,50-80%
MASTER,AL_272,64.48,50-80%
MASTER,AL_273,64.48,50-80%
MASTER,AL_274,64.48,50-80%
MASTER,AL_275,64.52,50-80%
MASTER,AL_276,64.48,50-80%
MASTER,AL_277,64.48,50-80%
MASTER,AL_278,64.48,50-80%
MASTER,AL_279,64.48,50-80%
MASTER,AL_280,64.48,50-80%
MASTER,AL_281,64.48,50-80%
MASTER,AL_282,64.48,50-80%
MASTER,AL_283,64.48,50-80%
MASTER,AL_284,64.48,50-80%
MASTER,AL_285,64.48,50-80%
MASTER,AL_286,66.6,50-80%
MASTER,AL_287,66.6,50-80%
MASTER,AL_288,66.6,50-80%
MASTER,AL_289,66.6,50-80%
MASTER,AL_290,64.48,50-80%
MASTER,AL_291,64.48,50-80%
MASTER,AL_292,64.48,50-80%
MASTER,AL_293,64.48,50-80%
MASTER,AL_294,64.48,50-80%
MASTER,AL_295,44.32,20-50%
MASTER,AL_296,44.32,20-50%
MASTER,AL_297,44.32,20-50%
MASTER,AL_298,44.32,20-50%
MASTER,AL_299,44.32,20-50%
MASTER,AL_300,44.32,20-50%
MASTER,AL_301,44.32,20-50%
MASTER,AL_302,44.32,20-50%
MASTER,AL_303,44.32,20-50%
MASTER,AL_304,44.32,20-50%
MASTER,AL_305,44.32,20-50%
MASTER,AL_306,44.32,20-50%
MASTER,AL_307,44.32,20-50%
MASTER,AL_308,44.32,20-50%
MASTER,AL_309,44.32,20-50%
MASTER,AL_310,44.32,20-50%
MASTER,AL_311,44.32,20-50%
MASTER,AL_312,44.32,20-50%
MASTER,AL_313,44.32,20-50%
MASTER,AL_314,44.32,20-50%
MASTER,AL_315,44.32,20-50%
MASTER,AL_316,44.32,20-50%
MASTER,AL_317,44.32,20-50%
MASTER,AL_318,44.32,20-50%
MASTER,AL_319,44.32,20-50%
MASTER,AL_320,44.32,20-50%
MASTER,AL_321,44.32,20-50%
MASTER,AL_322,44.32,20-50%
MASTER,AL_323,44.32,20-50%
MASTER,AL_324,44.32,20-50%
MASTER,AL_325,44.32,20-50%
MASTER,AL_326,44.32,20-50%
MASTER,AL_327,44.32,20-50%
MASTER,AL_328,44.32,20-50%
MASTER,AL_329,44.32,20-50%
MASTER,AL_330,44.32,20-50%
MASTER,AL_331,44.32,20-50%
MASTER,AL_332,44.32,20-50%
MASTER,AL_333,44.32,20-50%
MASTER,AL_334,44.32,20-50%
MASTER,EK_4,12.25,5-20%
MASTER,EK_5,12.25,5-20%
MASTER,EK_6,12.25,5-20%
MASTER,EK_7,12.25,5-20%
MASTER,EK_8,12.25,5-20%
MASTER,EK_9,20.71,20-50%
MASTER,AA_1,11.87,5-20%
MASTER,AA_2,11.94,5-20%
MASTER,Label,0.0,0%
PAH,Variant_ID,0.0,0%
PAH,AL_1,96.24,>95%
PAH,AL_2,96.24,>95%
PAH,AL_3,96.24,>95%
PAH,AL_4,96.24,>95%
PAH,AL_5,96.24,>95%
PAH,AL_6,96.24,>95%
PAH,AL_7,40.86,20-50%
PAH,AL_8,40.86,20-50%
PAH,AL_9,40.86,20-50%
PAH,AL_10,40.86,20-50%
PAH,AL_11,40.86,20-50%
PAH,AL_12,40.86,20-50%
PAH,AL_13,40.86,20-50%
PAH,AL_14,40.86,20-50%
PAH,AL_15,40.86,20-50%
PAH,AL_16,67.2,50-80%
PAH,AL_17,67.2,50-80%
PAH,AL_18,67.2,50-80%
PAH,AL_19,67.2,50-80%
PAH,AL_20,67.2,50-80%
PAH,AL_21,67.2,50-80%
PAH,AL_22,67.2,50-80%
PAH,AL_23,67.2,50-80%
PAH,AL_24,67.2,50-80%
PAH,AL_25,67.2,50-80%
PAH,AL_26,36.29,20-50%
PAH,CAT_1,36.29,20-50%
PAH,AL_27,96.24,>95%
PAH,AL_28,96.24,>95%
PAH,AL_29,96.24,>95%
PAH,AL_30,96.24,>95%
PAH,AL_31,96.24,>95%
PAH,AL_32,96.24,>95%
PAH,AL_33,96.24,>95%
PAH,AL_34,96.24,>95%
PAH,AL_35,96.24,>95%
PAH,AL_36,96.24,>95%
PAH,AL_37,96.24,>95%
PAH,AL_38,96.24,>95%
PAH,AL_39,58.06,50-80%
PAH,AL_40,58.06,50-80%
PAH,AL_41,58.06,50-80%
PAH,AL_42,58.06,50-80%
PAH,AL_43,58.06,50-80%
PAH,AL_44,58.06,50-80%
PAH,AL_45,58.06,50-80%
PAH,AL_46,58.06,50-80%
PAH,AL_47,58.06,50-80%
PAH,AL_48,58.06,50-80%
PAH,AL_49,58.06,50-80%
PAH,AL_50,58.06,50-80%
PAH,AL_51,58.06,50-80%
PAH,AL_52,58.06,50-80%
PAH,AL_53,58.06,50-80%
PAH,AL_54,58.06,50-80%
PAH,AL_55,58.06,50-80%
PAH,AL_56,58.06,50-80%
PAH,AL_57,58.06,50-80%
PAH,AL_58,58.06,50-80%
PAH,AL_59,58.06,50-80%
PAH,AL_60,58.06,50-80%
PAH,AL_61,58.06,50-80%
PAH,AL_62,58.06,50-80%
PAH,AL_63,58.06,50-80%
PAH,AL_64,58.06,50-80%
PAH,AL_65,58.06,50-80%
PAH,AL_66,58.06,50-80%
PAH,AL_67,58.06,50-80%
PAH,AL_68,58.06,50-80%
PAH,AL_69,58.06,50-80%
PAH,AL_70,58.06,50-80%
PAH,AL_71,58.06,50-80%
PAH,AL_72,58.06,50-80%
PAH,AL_73,58.06,50-80%
PAH,AL_74,58.06,50-80%
PAH,AL_75,61.29,50-80%
PAH,AL_76,61.29,50-80%
PAH,AL_77,61.29,50-80%
PAH,AL_78,61.29,50-80%
PAH,AL_79,61.29,50-80%
PAH,AL_80,61.29,50-80%
PAH,AL_81,61.29,50-80%
PAH,AL_82,61.29,50-80%
PAH,AL_83,61.29,50-80%
PAH,AL_84,61.29,50-80%
PAH,AL_85,61.29,50-80%
PAH,AL_86,61.29,50-80%
PAH,AL_87,61.29,50-80%
PAH,AL_88,61.29,50-80%
PAH,AL_89,61.29,50-80%
PAH,AL_90,61.29,50-80%
PAH,AL_91,61.29,50-80%
PAH,AL_92,61.29,50-80%
PAH,AL_93,61.29,50-80%
PAH,AL_94,61.29,50-80%
PAH,AL_95,61.29,50-80%
PAH,CAT_2,61.29,50-80%
PAH,AL_96,61.29,50-80%
PAH,AL_97,61.29,50-80%
PAH,AL_98,61.29,50-80%
PAH,CAT_3,2.96,0-5%
PAH,CAT_4,2.96,0-5%
PAH,EK_1,2.96,0-5%
PAH,EK_2,2.96,0-5%
PAH,EK_3,47.85,20-50%
PAH,AL_99,45.7,20-50%
PAH,AL_100,45.7,20-50%
PAH,AL_101,45.7,20-50%
PAH,AL_102,45.7,20-50%
PAH,AL_103,45.7,20-50%
PAH,AL_104,45.7,20-50%
PAH,AL_105,45.7,20-50%
PAH,AL_106,45.7,20-50%
PAH,AL_107,45.7,20-50%
PAH,AL_108,45.7,20-50%
PAH,AL_109,45.7,20-50%
PAH,AL_110,45.7,20-50%
PAH,AL_111,45.7,20-50%
PAH,AL_112,45.7,20-50%
PAH,AL_113,45.7,20-50%
PAH,AL_114,45.7,20-50%
PAH,AL_115,45.7,20-50%
PAH,AL_116,45.7,20-50%
PAH,AL_117,45.7,20-50%
PAH,AL_118,45.7,20-50%
PAH,AL_119,45.7,20-50%
PAH,AL_120,45.7,20-50%
PAH,AL_121,45.7,20-50%
PAH,AL_122,45.7,20-50%
PAH,AL_123,45.7,20-50%
PAH,AL_124,45.7,20-50%
PAH,AL_125,45.7,20-50%
PAH,AL_126,45.7,20-50%
PAH,AL_127,45.7,20-50%
PAH,AL_128,45.7,20-50%
PAH,AL_129,45.7,20-50%
PAH,AL_130,45.7,20-50%
PAH,AL_131,45.7,20-50%
PAH,AL_132,45.7,20-50%
PAH,AL_133,45.7,20-50%
PAH,AL_134,45.7,20-50%
PAH,AL_135,45.7,20-50%
PAH,AL_136,45.7,20-50%
PAH,AL_137,45.7,20-50%
PAH,AL_138,45.7,20-50%
PAH,AL_139,45.7,20-50%
PAH,AL_140,45.7,20-50%
PAH,AL_141,45.7,20-50%
PAH,AL_142,45.7,20-50%
PAH,AL_143,45.7,20-50%
PAH,AL_144,45.7,20-50%
PAH,AL_145,45.7,20-50%
PAH,AL_146,45.7,20-50%
PAH,AL_147,45.7,20-50%
PAH,AL_148,45.7,20-50%
PAH,AL_149,45.7,20-50%
PAH,AL_150,45.7,20-50%
PAH,AL_151,45.7,20-50%
PAH,AL_152,45.7,20-50%
PAH,AL_153,45.7,20-50%
PAH,AL_154,45.7,20-50%
PAH,AL_155,45.7,20-50%
PAH,AL_156,45.7,20-50%
PAH,AL_157,45.7,20-50%
PAH,AL_158,45.7,20-50%
PAH,AL_159,45.7,20-50%
PAH,AL_160,45.7,20-50%
PAH,AL_161,45.7,20-50%
PAH,AL_162,45.7,20-50%
PAH,AL_163,45.7,20-50%
PAH,AL_164,45.7,20-50%
PAH,AL_165,45.7,20-50%
PAH,AL_166,45.7,20-50%
PAH,AL_167,45.7,20-50%
PAH,AL_168,45.7,20-50%
PAH,AL_169,45.7,20-50%
PAH,AL_170,45.7,20-50%
PAH,AL_171,45.7,20-50%
PAH,AL_172,45.7,20-50%
PAH,AL_173,45.7,20-50%
PAH,AL_174,45.7,20-50%
PAH,AL_175,45.7,20-50%
PAH,AL_176,45.7,20-50%
PAH,AL_177,45.7,20-50%
PAH,AL_178,45.7,20-50%
PAH,AL_179,45.7,20-50%
PAH,AL_180,45.7,20-50%
PAH,AL_181,45.7,20-50%
PAH,AL_182,45.7,20-50%
PAH,AL_183,68.01,50-80%
PAH,AL_184,68.01,50-80%
PAH,AL_185,68.01,50-80%
PAH,CAT_5,2.96,0-5%
PAH,AL_186,26.61,20-50%
PAH,AL_187,65.05,50-80%
PAH,AL_188,65.05,50-80%
PAH,AL_189,65.05,50-80%
PAH,AL_190,65.05,50-80%
PAH,AL_191,65.05,50-80%
PAH,AL_192,65.05,50-80%
PAH,AL_193,65.05,50-80%
PAH,AL_194,65.05,50-80%
PAH,AL_195,65.05,50-80%
PAH,AL_196,65.05,50-80%
PAH,AL_197,65.05,50-80%
PAH,AL_198,65.05,50-80%
PAH,AL_199,65.05,50-80%
PAH,AL_200,65.05,50-80%
PAH,AL_201,65.05,50-80%
PAH,AL_202,65.05,50-80%
PAH,AL_203,65.05,50-80%
PAH,AL_204,65.05,50-80%
PAH,AL_205,65.05,50-80%
PAH,AL_206,65.05,50-80%
PAH,AL_207,65.05,50-80%
PAH,AL_208,65.05,50-80%
PAH,AL_209,65.05,50-80%
PAH,AL_210,65.05,50-80%
PAH,AL_211,65.05,50-80%
PAH,AL_212,65.05,50-80%
PAH,AL_213,65.05,50-80%
PAH,AL_214,77.15,50-80%
PAH,AL_215,77.15,50-80%
PAH,AL_216,77.15,50-80%
PAH,AL_217,77.15,50-80%
PAH,AL_218,65.05,50-80%
PAH,AL_219,65.05,50-80%
PAH,AL_220,65.05,50-80%
PAH,AL_221,65.05,50-80%
PAH,AL_222,65.05,50-80%
PAH,CAT_6,100.0,>95%
PAH,AL_223,65.05,50-80%
PAH,AL_224,65.05,50-80%
PAH,AL_225,65.05,50-80%
PAH,AL_226,65.05,50-80%
PAH,AL_227,65.05,50-80%
PAH,AL_228,65.05,50-80%
PAH,AL_229,65.05,50-80%
PAH,AL_230,65.05,50-80%
PAH,AL_231,65.05,50-80%
PAH,AL_232,65.05,50-80%
PAH,AL_233,65.05,50-80%
PAH,AL_234,65.05,50-80%
PAH,AL_235,65.05,50-80%
PAH,AL_236,65.05,50-80%
PAH,AL_237,65.05,50-80%
PAH,AL_238,65.05,50-80%
PAH,AL_239,65.05,50-80%
PAH,AL_240,65.05,50-80%
PAH,AL_241,65.05,50-80%
PAH,AL_242,65.05,50-80%
PAH,AL_243,65.05,50-80%
PAH,AL_244,65.05,50-80%
PAH,AL_245,65.05,50-80%
PAH,AL_246,65.05,50-80%
PAH,AL_247,65.05,50-80%
PAH,AL_248,65.05,50-80%
PAH,AL_249,65.05,50-80%
PAH,AL_250,66.94,50-80%
PAH,AL_251,66.94,50-80%
PAH,AL_252,66.94,50-80%
PAH,AL_253,66.94,50-80%
PAH,AL_254,65.05,50-80%
PAH,AL_255,65.05,50-80%
PAH,AL_256,65.05,50-80%
PAH,AL_257,65.05,50-80%
PAH,AL_258,65.05,50-80%
PAH,AL_259,65.05,50-80%
PAH,AL_260,65.05,50-80%
PAH,AL_261,65.05,50-80%
PAH,AL_262,65.05,50-80%
PAH,AL_263,65.05,50-80%
PAH,AL_264,65.05,50-80%
PAH,AL_265,65.05,50-80%
PAH,AL_266,65.05,50-80%
PAH,AL_267,65.05,50-80%
PAH,AL_268,65.05,50-80%
PAH,AL_269,65.05,50-80%
PAH,AL_270,65.05,50-80%
PAH,AL_271,65.05,50-80%
PAH,AL_272,65.05,50-80%
PAH,AL_273,65.05,50-80%
PAH,AL_274,65.05,50-80%
PAH,AL_275,65.05,50-80%
PAH,AL_276,65.05,50-80%
PAH,AL_277,65.05,50-80%
PAH,AL_278,65.05,50-80%
PAH,AL_279,65.05,50-80%
PAH,AL_280,65.05,50-80%
PAH,AL_281,65.05,50-80%
PAH,AL_282,65.05,50-80%
PAH,AL_283,65.05,50-80%
PAH,AL_284,65.05,50-80%
PAH,AL_285,65.05,50-80%
PAH,AL_286,67.2,50-80%
PAH,AL_287,67.2,50-80%
PAH,AL_288,67.2,50-80%
PAH,AL_289,67.2,50-80%
PAH,AL_290,65.05,50-80%
PAH,AL_291,65.05,50-80%
PAH,AL_292,65.05,50-80%
PAH,AL_293,65.05,50-80%
PAH,AL_294,65.05,50-80%
PAH,AL_295,33.87,20-50%
PAH,AL_296,33.87,20-50%
PAH,AL_297,33.87,20-50%
PAH,AL_298,33.87,20-50%
PAH,AL_299,33.87,20-50%
PAH,AL_300,33.87,20-50%
PAH,AL_301,33.87,20-50%
PAH,AL_302,33.87,20-50%
PAH,AL_303,33.87,20-50%
PAH,AL_304,33.87,20-50%
PAH,AL_305,33.87,20-50%
PAH,AL_306,33.87,20-50%
PAH,AL_307,33.87,20-50%
PAH,AL_308,33.87,20-50%
PAH,AL_309,33.87,20-50%
PAH,AL_310,33.87,20-50%
PAH,AL_311,33.87,20-50%
PAH,AL_312,33.87,20-50%
PAH,AL_313,33.87,20-50%
PAH,AL_314,33.87,20-50%
PAH,AL_315,33.87,20-50%
PAH,AL_316,33.87,20-50%
PAH,AL_317,33.87,20-50%
PAH,AL_318,33.87,20-50%
PAH,AL_319,33.87,20-50%
PAH,AL_320,33.87,20-50%
PAH,AL_321,33.87,20-50%
PAH,AL_322,33.87,20-50%
PAH,AL_323,33.87,20-50%
PAH,AL_324,33.87,20-50%
PAH,AL_325,33.87,20-50%
PAH,AL_326,33.87,20-50%
PAH,AL_327,33.87,20-50%
PAH,AL_328,33.87,20-50%
PAH,AL_329,33.87,20-50%
PAH,AL_330,33.87,20-50%
PAH,AL_331,33.87,20-50%
PAH,AL_332,33.87,20-50%
PAH,AL_333,33.87,20-50%
PAH,AL_334,33.87,20-50%
PAH,EK_4,2.96,0-5%
PAH,EK_5,2.96,0-5%
PAH,EK_6,2.96,0-5%
PAH,EK_7,2.96,0-5%
PAH,EK_8,2.96,0-5%
PAH,EK_9,2.96,0-5%
PAH,AA_1,2.42,0-5%
PAH,AA_2,2.42,0-5%
PAH,Label,0.0,0%
