feature,importance_gain,importance_split,rank_gain,rank_split,category
total_miss_count,266.1229381263256,52.8,33,22,missingness_aggregate
miss_grp_al_39_95,24.457004046440126,2.8,142,149,missingness_group
miss_grp_ek,23.521241641044618,5.4,145,134,missingness_group
total_miss_pct,23.395147562026978,7.4,146,130,missingness_aggregate
miss_grp_al_223_334,14.232583713531493,1.2,167,217,missingness_group
miss_grp_al_96_185,11.49227786064148,1.8,179,187,missingness_group
miss_EK_3,4.678448796272278,1.2,233,213,missingness_indicator
miss_AL_39,0.43973398208618164,0.2,311,298,missingness_indicator
miss_AL_260,0.0,0.0,319,549,missingness_indicator
miss_AL_259,0.0,0.0,320,548,missingness_indicator
miss_AL_261,0.0,0.0,321,547,missingness_indicator
miss_AL_258,0.0,0.0,322,546,missingness_indicator
miss_AL_262,0.0,0.0,323,545,missingness_indicator
miss_AL_264,0.0,0.0,324,544,missingness_indicator
miss_AL_293,0.0,0.0,325,543,missingness_indicator
miss_AL_268,0.0,0.0,326,542,missingness_indicator
miss_AL_265,0.0,0.0,327,541,missingness_indicator
miss_AL_281,0.0,0.0,328,487,missingness_indicator
miss_AL_257,0.0,0.0,329,540,missingness_indicator
miss_AL_291,0.0,0.0,330,539,missingness_indicator
miss_AL_290,0.0,0.0,331,538,missingness_indicator
miss_AL_289,0.0,0.0,332,537,missingness_indicator
miss_AL_288,0.0,0.0,333,536,missingness_indicator
miss_AL_287,0.0,0.0,334,535,missingness_indicator
miss_AL_286,0.0,0.0,335,534,missingness_indicator
miss_AL_285,0.0,0.0,336,533,missingness_indicator
miss_AL_283,0.0,0.0,337,550,missingness_indicator
miss_AL_282,0.0,0.0,338,532,missingness_indicator
miss_AL_279,0.0,0.0,339,551,missingness_indicator
miss_AL_266,0.0,0.0,340,553,missingness_indicator
miss_AL_278,0.0,0.0,341,570,missingness_indicator
miss_AL_277,0.0,0.0,342,569,missingness_indicator
miss_AL_275,0.0,0.0,343,568,missingness_indicator
miss_AL_274,0.0,0.0,344,567,missingness_indicator
miss_AL_273,0.0,0.0,345,566,missingness_indicator
miss_AL_271,0.0,0.0,346,565,missingness_indicator
miss_AL_270,0.0,0.0,347,564,missingness_indicator
miss_AL_269,0.0,0.0,348,563,missingness_indicator
miss_AL_267,0.0,0.0,349,562,missingness_indicator
miss_AL_295,0.0,0.0,350,561,missingness_indicator
miss_AL_294,0.0,0.0,351,560,missingness_indicator
miss_AL_215,0.0,0.0,352,559,missingness_indicator
miss_AL_255,0.0,0.0,353,558,missingness_indicator
miss_AL_223,0.0,0.0,354,557,missingness_indicator
miss_AL_230,0.0,0.0,355,556,missingness_indicator
miss_AL_229,0.0,0.0,356,555,missingness_indicator
miss_AL_228,0.0,0.0,357,554,missingness_indicator
miss_AL_227,0.0,0.0,358,552,missingness_indicator
miss_AL_226,0.0,0.0,359,531,missingness_indicator
miss_AL_225,0.0,0.0,360,530,missingness_indicator
miss_AL_224,0.0,0.0,361,529,missingness_indicator
miss_AL_222,0.0,0.0,362,507,missingness_indicator
miss_AL_254,0.0,0.0,363,506,missingness_indicator
miss_AL_221,0.0,0.0,364,505,missingness_indicator
miss_AL_219,0.0,0.0,365,504,missingness_indicator
miss_AL_218,0.0,0.0,366,503,missingness_indicator
miss_AL_213,0.0,0.0,367,502,missingness_indicator
miss_AL_297,0.0,0.0,368,501,missingness_indicator
miss_AL_214,0.0,0.0,369,500,missingness_indicator
miss_AL_217,0.0,0.0,370,498,missingness_indicator
miss_AL_232,0.0,0.0,371,489,missingness_indicator
miss_AL_216,0.0,0.0,372,497,missingness_indicator
miss_AL_234,0.0,0.0,373,496,missingness_indicator
miss_AL_235,0.0,0.0,374,495,missingness_indicator
miss_AL_253,0.0,0.0,375,494,missingness_indicator
miss_AL_252,0.0,0.0,376,493,missingness_indicator
miss_AL_251,0.0,0.0,377,492,missingness_indicator
miss_AL_250,0.0,0.0,378,491,missingness_indicator
miss_AL_249,0.0,0.0,379,490,missingness_indicator
miss_AL_247,0.0,0.0,380,508,missingness_indicator
miss_AL_246,0.0,0.0,381,509,missingness_indicator
miss_AL_245,0.0,0.0,382,510,missingness_indicator
miss_AL_243,0.0,0.0,383,511,missingness_indicator
miss_AL_242,0.0,0.0,384,528,missingness_indicator
miss_AL_241,0.0,0.0,385,527,missingness_indicator
miss_AL_240,0.0,0.0,386,526,missingness_indicator
miss_AL_239,0.0,0.0,387,525,missingness_indicator
miss_AL_238,0.0,0.0,388,524,missingness_indicator
miss_AL_237,0.0,0.0,389,523,missingness_indicator
miss_AL_296,0.0,0.0,390,522,missingness_indicator
miss_AL_298,0.0,0.0,392,520,missingness_indicator
miss_AL_210,0.0,0.0,426,654,missingness_indicator
miss_grp_al_186_222,0.0,0.0,428,652,missingness_group
miss_AL_300,0.0,0.0,429,651,missingness_indicator
miss_grp_al_27_38,0.0,0.0,430,650,missingness_group
miss_AL_321,0.0,0.0,431,649,missingness_indicator
miss_AL_319,0.0,0.0,432,648,missingness_indicator
miss_AL_318,0.0,0.0,433,647,missingness_indicator
miss_AL_317,0.0,0.0,434,646,missingness_indicator
miss_AL_315,0.0,0.0,435,645,missingness_indicator
miss_AL_314,0.0,0.0,436,644,missingness_indicator
miss_AL_313,0.0,0.0,437,643,missingness_indicator
miss_AL_311,0.0,0.0,438,642,missingness_indicator
miss_AL_310,0.0,0.0,439,641,missingness_indicator
miss_AL_308,0.0,0.0,440,640,missingness_indicator
miss_AL_306,0.0,0.0,441,639,missingness_indicator
miss_AL_305,0.0,0.0,442,638,missingness_indicator
miss_AL_304,0.0,0.0,443,636,missingness_indicator
miss_AL_302,0.0,0.0,444,614,missingness_indicator
miss_AL_301,0.0,0.0,445,594,missingness_indicator
miss_AL_322,0.0,0.0,446,613,missingness_indicator
miss_AL_323,0.0,0.0,447,591,missingness_indicator
miss_AL_325,0.0,0.0,448,590,missingness_indicator
miss_EK_4,0.0,0.0,449,589,missingness_indicator
miss_grp_al_1_26,0.0,0.0,450,588,missingness_group
miss_EK_9,0.0,0.0,451,587,missingness_indicator
miss_EK_8,0.0,0.0,452,586,missingness_indicator
miss_EK_7,0.0,0.0,453,585,missingness_indicator
miss_EK_6,0.0,0.0,454,584,missingness_indicator
miss_EK_5,0.0,0.0,455,583,missingness_indicator
miss_AL_334,0.0,0.0,456,582,missingness_indicator
miss_AL_326,0.0,0.0,457,581,missingness_indicator
miss_AL_333,0.0,0.0,458,580,missingness_indicator
miss_AL_331,0.0,0.0,459,579,missingness_indicator
miss_AL_330,0.0,0.0,460,578,missingness_indicator
miss_AL_329,0.0,0.0,461,577,missingness_indicator
miss_AL_328,0.0,0.0,462,576,missingness_indicator
miss_AL_327,0.0,0.0,463,575,missingness_indicator
miss_AL_211,0.0,0.0,464,592,missingness_indicator
miss_AL_112,0.0,0.0,465,574,missingness_indicator
miss_AL_209,0.0,0.0,466,593,missingness_indicator
miss_AL_46,0.0,0.0,467,595,missingness_indicator
miss_AL_55,0.0,0.0,468,612,missingness_indicator
miss_AL_54,0.0,0.0,469,611,missingness_indicator
miss_AL_53,0.0,0.0,470,610,missingness_indicator
miss_AL_52,0.0,0.0,471,609,missingness_indicator
miss_AL_51,0.0,0.0,472,608,missingness_indicator
miss_AL_50,0.0,0.0,473,607,missingness_indicator
miss_AL_49,0.0,0.0,474,606,missingness_indicator
miss_AL_48,0.0,0.0,475,605,missingness_indicator
miss_AL_47,0.0,0.0,476,604,missingness_indicator
miss_AL_45,0.0,0.0,477,603,missingness_indicator
miss_AL_57,0.0,0.0,478,602,missingness_indicator
miss_AL_44,0.0,0.0,479,601,missingness_indicator
miss_AL_43,0.0,0.0,480,600,missingness_indicator
miss_AL_41,0.0,0.0,481,599,missingness_indicator
miss_AL_40,0.0,0.0,482,598,missingness_indicator
miss_AL_38,0.0,0.0,483,597,missingness_indicator
miss_AL_37,0.0,0.0,484,596,missingness_indicator
miss_AL_36,0.0,0.0,485,499,missingness_indicator
miss_AL_35,0.0,0.0,486,488,missingness_indicator
miss_AL_34,0.0,0.0,487,473,missingness_indicator
miss_AL_56,0.0,0.0,488,486,missingness_indicator
miss_AL_58,0.0,0.0,489,379,missingness_indicator
miss_AL_32,0.0,0.0,490,378,missingness_indicator
miss_AL_70,0.0,0.0,491,377,missingness_indicator
miss_AL_79,0.0,0.0,492,376,missingness_indicator
miss_AL_78,0.0,0.0,493,375,missingness_indicator
miss_AL_77,0.0,0.0,494,360,missingness_indicator
miss_AL_76,0.0,0.0,495,373,missingness_indicator
miss_AL_75,0.0,0.0,496,372,missingness_indicator
miss_AL_74,0.0,0.0,497,371,missingness_indicator
miss_AL_73,0.0,0.0,498,370,missingness_indicator
miss_AL_72,0.0,0.0,499,369,missingness_indicator
miss_AL_71,0.0,0.0,500,368,missingness_indicator
miss_AL_69,0.0,0.0,501,367,missingness_indicator
miss_AL_59,0.0,0.0,502,366,missingness_indicator
miss_AL_68,0.0,0.0,503,365,missingness_indicator
miss_AL_67,0.0,0.0,504,364,missingness_indicator
miss_AL_66,0.0,0.0,505,363,missingness_indicator
miss_AL_65,0.0,0.0,506,380,missingness_indicator
miss_AL_64,0.0,0.0,507,362,missingness_indicator
miss_AL_63,0.0,0.0,508,381,missingness_indicator
miss_AL_62,0.0,0.0,509,383,missingness_indicator
miss_AL_61,0.0,0.0,510,400,missingness_indicator
miss_AL_60,0.0,0.0,511,399,missingness_indicator
miss_AL_33,0.0,0.0,512,398,missingness_indicator
miss_AL_31,0.0,0.0,513,397,missingness_indicator
miss_AL_207,0.0,0.0,514,396,missingness_indicator
miss_AL_5,0.0,0.0,516,394,missingness_indicator
miss_AL_4,0.0,0.0,517,393,missingness_indicator
miss_AL_3,0.0,0.0,518,392,missingness_indicator
miss_AL_2,0.0,0.0,519,391,missingness_indicator
miss_AL_1,0.0,0.0,520,390,missingness_indicator
miss_AL_7,0.0,0.0,526,384,missingness_indicator
miss_AL_6,0.0,0.0,536,327,missingness_indicator
miss_AL_8,0.0,0.0,537,331,missingness_indicator
miss_AL_30,0.0,0.0,538,330,missingness_indicator
miss_AL_20,0.0,0.0,539,329,missingness_indicator
miss_AL_29,0.0,0.0,540,328,missingness_indicator
miss_AL_28,0.0,0.0,541,326,missingness_indicator
miss_AL_27,0.0,0.0,542,325,missingness_indicator
miss_AL_26,0.0,0.0,543,324,missingness_indicator
miss_AL_25,0.0,0.0,544,323,missingness_indicator
miss_AL_24,0.0,0.0,545,322,missingness_indicator
miss_AL_23,0.0,0.0,546,321,missingness_indicator
miss_AL_22,0.0,0.0,547,320,missingness_indicator
miss_AL_21,0.0,0.0,548,319,missingness_indicator
miss_AL_19,0.0,0.0,549,338,missingness_indicator
miss_AL_9,0.0,0.0,550,332,missingness_indicator
miss_AL_18,0.0,0.0,551,340,missingness_indicator
miss_AL_17,0.0,0.0,552,341,missingness_indicator
miss_AL_16,0.0,0.0,553,358,missingness_indicator
miss_AL_15,0.0,0.0,554,357,missingness_indicator
miss_AL_14,0.0,0.0,555,339,missingness_indicator
miss_AL_13,0.0,0.0,556,356,missingness_indicator
miss_AL_12,0.0,0.0,557,355,missingness_indicator
miss_AL_11,0.0,0.0,558,354,missingness_indicator
miss_AL_10,0.0,0.0,559,353,missingness_indicator
miss_AL_81,0.0,0.0,560,352,missingness_indicator
miss_AL_82,0.0,0.0,561,351,missingness_indicator
miss_AL_83,0.0,0.0,562,350,missingness_indicator
miss_AL_162,0.0,0.0,563,349,missingness_indicator
miss_AL_175,0.0,0.0,564,348,missingness_indicator
miss_AL_174,0.0,0.0,565,347,missingness_indicator
miss_AL_172,0.0,0.0,566,346,missingness_indicator
miss_AL_171,0.0,0.0,567,345,missingness_indicator
miss_AL_169,0.0,0.0,568,344,missingness_indicator
miss_AL_168,0.0,0.0,569,343,missingness_indicator
miss_AL_166,0.0,0.0,570,401,missingness_indicator
miss_AL_165,0.0,0.0,571,374,missingness_indicator
miss_AL_163,0.0,0.0,572,403,missingness_indicator
miss_AL_160,0.0,0.0,573,414,missingness_indicator
miss_AL_178,0.0,0.0,574,464,missingness_indicator
miss_AL_159,0.0,0.0,575,463,missingness_indicator
miss_AL_157,0.0,0.0,576,462,missingness_indicator
miss_AL_156,0.0,0.0,577,461,missingness_indicator
miss_AL_154,0.0,0.0,578,460,missingness_indicator
miss_AL_153,0.0,0.0,579,459,missingness_indicator
miss_AL_151,0.0,0.0,580,458,missingness_indicator
miss_AL_150,0.0,0.0,581,457,missingness_indicator
miss_AL_148,0.0,0.0,582,456,missingness_indicator
miss_AL_147,0.0,0.0,583,455,missingness_indicator
miss_AL_177,0.0,0.0,584,454,missingness_indicator
miss_AL_180,0.0,0.0,585,453,missingness_indicator
miss_AL_84,0.0,0.0,586,452,missingness_indicator
miss_AL_196,0.0,0.0,587,451,missingness_indicator
miss_AL_206,0.0,0.0,588,450,missingness_indicator
miss_AL_205,0.0,0.0,589,449,missingness_indicator
miss_AL_204,0.0,0.0,590,448,missingness_indicator
miss_AL_203,0.0,0.0,591,465,missingness_indicator
miss_AL_202,0.0,0.0,592,447,missingness_indicator
miss_AL_201,0.0,0.0,593,466,missingness_indicator
miss_AL_200,0.0,0.0,594,468,missingness_indicator
miss_AL_199,0.0,0.0,595,485,missingness_indicator
miss_AL_198,0.0,0.0,596,484,missingness_indicator
miss_AL_194,0.0,0.0,597,483,missingness_indicator
miss_AL_181,0.0,0.0,598,482,missingness_indicator
miss_AL_193,0.0,0.0,599,481,missingness_indicator
miss_AL_192,0.0,0.0,600,480,missingness_indicator
miss_AL_190,0.0,0.0,601,479,missingness_indicator
miss_AL_189,0.0,0.0,602,478,missingness_indicator
miss_AL_188,0.0,0.0,603,477,missingness_indicator
miss_AL_187,0.0,0.0,604,476,missingness_indicator
miss_AL_186,0.0,0.0,605,475,missingness_indicator
miss_AL_184,0.0,0.0,606,474,missingness_indicator
miss_AL_183,0.0,0.0,607,402,missingness_indicator
miss_AL_145,0.0,0.0,608,472,missingness_indicator
miss_AL_144,0.0,0.0,609,471,missingness_indicator
miss_AL_142,0.0,0.0,610,470,missingness_indicator
miss_AL_95,0.0,0.0,611,469,missingness_indicator
miss_AL_103,0.0,0.0,612,467,missingness_indicator
miss_AL_102,0.0,0.0,613,446,missingness_indicator
miss_AL_100,0.0,0.0,614,445,missingness_indicator
miss_AL_99,0.0,0.0,615,444,missingness_indicator
miss_EK_2,0.0,0.0,616,422,missingness_indicator
miss_EK_1,0.0,0.0,617,421,missingness_indicator
miss_AL_98,0.0,0.0,618,420,missingness_indicator
miss_AL_97,0.0,0.0,619,419,missingness_indicator
miss_AL_96,0.0,0.0,620,418,missingness_indicator
miss_AL_94,0.0,0.0,621,417,missingness_indicator
miss_AL_141,0.0,0.0,622,416,missingness_indicator
miss_AL_93,0.0,0.0,623,415,missingness_indicator
miss_AL_92,0.0,0.0,624,413,missingness_indicator
miss_AL_91,0.0,0.0,625,404,missingness_indicator
miss_AL_90,0.0,0.0,626,412,missingness_indicator
miss_AL_89,0.0,0.0,627,411,missingness_indicator
miss_AL_88,0.0,0.0,628,410,missingness_indicator
miss_AL_87,0.0,0.0,629,409,missingness_indicator
miss_AL_86,0.0,0.0,630,408,missingness_indicator
miss_AL_85,0.0,0.0,631,407,missingness_indicator
miss_AL_105,0.0,0.0,632,406,missingness_indicator
miss_AL_106,0.0,0.0,633,405,missingness_indicator
miss_AL_108,0.0,0.0,634,423,missingness_indicator
miss_AL_109,0.0,0.0,635,424,missingness_indicator
miss_AL_139,0.0,0.0,636,425,missingness_indicator
miss_AL_138,0.0,0.0,637,426,missingness_indicator
miss_AL_136,0.0,0.0,638,443,missingness_indicator
miss_AL_135,0.0,0.0,639,442,missingness_indicator
miss_AL_133,0.0,0.0,640,441,missingness_indicator
miss_AL_132,0.0,0.0,641,440,missingness_indicator
miss_AL_130,0.0,0.0,642,439,missingness_indicator
miss_AL_129,0.0,0.0,643,438,missingness_indicator
miss_AL_127,0.0,0.0,644,437,missingness_indicator
miss_AL_126,0.0,0.0,645,436,missingness_indicator
miss_AL_124,0.0,0.0,646,435,missingness_indicator
miss_AL_123,0.0,0.0,647,434,missingness_indicator
miss_AL_121,0.0,0.0,648,433,missingness_indicator
miss_AL_120,0.0,0.0,649,432,missingness_indicator
miss_AL_118,0.0,0.0,650,431,missingness_indicator
miss_AL_117,0.0,0.0,651,430,missingness_indicator
miss_AL_115,0.0,0.0,652,429,missingness_indicator
miss_AL_114,0.0,0.0,653,428,missingness_indicator
miss_AL_111,0.0,0.0,654,427,missingness_indicator
miss_AL_42,0.0,0.0,655,655,missingness_indicator
